source,target,relationship
Supplier-S001,COMP-0085,supplies
Supplier-S001,COMP-0056,supplies
Supplier-S001,COMP-0067,supplies
Supplier-S001,COMP-0068,supplies
Supplier-S001,COMP-0046,supplies
Supplier-S001,COMP-0040,supplies
Supplier-S002,COMP-0080,supplies
Supplier-S002,COMP-0038,supplies
Supplier-S002,COMP-0066,supplies
Supplier-S002,COMP-0055,supplies
Supplier-S002,COMP-0016,supplies
Supplier-S003,COMP-0049,supplies
Supplier-S003,COMP-0029,supplies
Supplier-S003,COMP-0086,supplies
Supplier-S003,COMP-0084,supplies
Supplier-S003,COMP-0015,supplies
Supplier-S003,COMP-0010,supplies
Supplier-S003,COMP-0043,supplies
Supplier-S004,COMP-0100,supplies
Supplier-S004,COMP-0088,supplies
Supplier-S004,COMP-0052,supplies
Supplier-S004,COMP-0043,supplies
Supplier-S004,COMP-0084,supplies
Supplier-S004,COMP-0077,supplies
Supplier-S005,COMP-0072,supplies
Supplier-S005,COMP-0074,supplies
Supplier-S005,COMP-0006,supplies
Supplier-S005,COMP-0099,supplies
Supplier-S005,COMP-0086,supplies
Supplier-S006,COMP-0022,supplies
Supplier-S006,COMP-0015,supplies
Supplier-S006,COMP-0046,supplies
Supplier-S006,COMP-0020,supplies
Supplier-S007,COMP-0004,supplies
Supplier-S007,COMP-0082,supplies
Supplier-S007,COMP-0078,supplies
Supplier-S007,COMP-0043,supplies
Supplier-S007,COMP-0042,supplies
Supplier-S007,COMP-0037,supplies
Supplier-S007,COMP-0034,supplies
Supplier-S008,COMP-0060,supplies
Supplier-S008,COMP-0041,supplies
Supplier-S008,COMP-0007,supplies
Supplier-S008,COMP-0013,supplies
Supplier-S008,COMP-0043,supplies
Supplier-S009,COMP-0094,supplies
Supplier-S009,COMP-0066,supplies
Supplier-S009,COMP-0082,supplies
Supplier-S009,COMP-0037,supplies
Supplier-S009,COMP-0062,supplies
Supplier-S010,COMP-0069,supplies
Supplier-S010,COMP-0034,supplies
Supplier-S010,COMP-0063,supplies
Supplier-S010,COMP-0007,supplies
Supplier-S010,COMP-0016,supplies
Supplier-S010,COMP-0058,supplies
Supplier-S011,COMP-0020,supplies
Supplier-S011,COMP-0049,supplies
Supplier-S011,COMP-0046,supplies
Supplier-S011,COMP-0003,supplies
Supplier-S011,COMP-0009,supplies
Supplier-S011,COMP-0001,supplies
Supplier-S011,COMP-0091,supplies
Supplier-S012,COMP-0010,supplies
Supplier-S012,COMP-0075,supplies
Supplier-S012,COMP-0098,supplies
Supplier-S012,COMP-0069,supplies
Supplier-S012,COMP-0059,supplies
Supplier-S012,COMP-0004,supplies
Supplier-S013,COMP-0025,supplies
Supplier-S013,COMP-0062,supplies
Supplier-S013,COMP-0031,supplies
Supplier-S013,COMP-0070,supplies
Supplier-S013,COMP-0015,supplies
Supplier-S014,COMP-0013,supplies
Supplier-S014,COMP-0097,supplies
Supplier-S014,COMP-0098,supplies
Supplier-S015,COMP-0096,supplies
Supplier-S015,COMP-0028,supplies
Supplier-S015,COMP-0050,supplies
Supplier-S015,COMP-0077,supplies
Supplier-S016,COMP-0046,supplies
Supplier-S016,COMP-0100,supplies
Supplier-S016,COMP-0039,supplies
Supplier-S017,COMP-0008,supplies
Supplier-S017,COMP-0042,supplies
Supplier-S017,COMP-0021,supplies
Supplier-S017,COMP-0038,supplies
Supplier-S018,COMP-0023,supplies
Supplier-S018,COMP-0082,supplies
Supplier-S018,COMP-0058,supplies
Supplier-S018,COMP-0040,supplies
Supplier-S018,COMP-0005,supplies
Supplier-S018,COMP-0078,supplies
Supplier-S019,COMP-0082,supplies
Supplier-S019,COMP-0011,supplies
Supplier-S019,COMP-0016,supplies
Supplier-S020,COMP-0032,supplies
Supplier-S020,COMP-0042,supplies
Supplier-S020,COMP-0016,supplies
Supplier-S020,COMP-0003,supplies
Supplier-S020,COMP-0098,supplies
Supplier-S020,COMP-0034,supplies
Supplier-S020,COMP-0039,supplies
COMP-0084,PROD-3500,belongs_to
COMP-0035,PROD-3500,belongs_to
COMP-0061,PROD-3500,belongs_to
COMP-0050,PROD-3500,belongs_to
COMP-0022,PROD-3500,belongs_to
COMP-0042,PROD-3500,belongs_to
COMP-0054,PROD-3500,belongs_to
COMP-0095,PROD-3500,belongs_to
COMP-0016,PROD-3500,belongs_to
COMP-0020,PROD-3500,belongs_to
COMP-0093,PROD-3600,belongs_to
COMP-0006,PROD-3600,belongs_to
COMP-0071,PROD-3600,belongs_to
COMP-0012,PROD-3600,belongs_to
COMP-0050,PROD-3600,belongs_to
COMP-0055,PROD-3600,belongs_to
COMP-0100,PROD-3600,belongs_to
COMP-0014,PROD-3600,belongs_to
COMP-0072,PROD-3600,belongs_to
COMP-0090,PROD-380,belongs_to
COMP-0063,PROD-380,belongs_to
COMP-0072,PROD-380,belongs_to
COMP-0097,PROD-380,belongs_to
COMP-0001,PROD-380,belongs_to
COMP-0079,PROD-380,belongs_to
COMP-0014,PROD-380,belongs_to
COMP-0028,PROD-380,belongs_to
COMP-0058,PROD-380,belongs_to
COMP-0074,PROD-380,belongs_to
COMP-0084,PROD-380,belongs_to
COMP-0093,PROD-390,belongs_to
COMP-0090,PROD-390,belongs_to
COMP-0037,PROD-390,belongs_to
COMP-0011,PROD-390,belongs_to
COMP-0040,PROD-390,belongs_to
COMP-0078,PROD-390,belongs_to
COMP-0005,PROD-390,belongs_to
COMP-0028,PROD-390,belongs_to
COMP-0025,PROD-320,belongs_to
COMP-0059,PROD-320,belongs_to
COMP-0012,PROD-320,belongs_to
COMP-0047,PROD-320,belongs_to
COMP-0092,PROD-320,belongs_to
COMP-0061,PROD-320,belongs_to
COMP-0067,PROD-320,belongs_to
COMP-0029,PROD-950,belongs_to
COMP-0066,PROD-950,belongs_to
COMP-0098,PROD-950,belongs_to
COMP-0073,PROD-950,belongs_to
COMP-0094,PROD-950,belongs_to
COMP-0033,PROD-950,belongs_to
COMP-0041,PROD-950,belongs_to
COMP-0023,PROD-950,belongs_to
COMP-0092,PROD-950,belongs_to
COMP-0037,PROD-950,belongs_to
COMP-0039,PROD-950,belongs_to
COMP-0028,PROD-980,belongs_to
COMP-0048,PROD-980,belongs_to
COMP-0065,PROD-980,belongs_to
COMP-0089,PROD-980,belongs_to
COMP-0072,PROD-980,belongs_to
COMP-0058,PROD-980,belongs_to
COMP-0024,PROD-980,belongs_to
COMP-0049,PROD-980,belongs_to
COMP-0095,PROD-980,belongs_to
COMP-0053,PROD-980,belongs_to
COMP-0064,PROD-980,belongs_to
COMP-0041,PROD-980,belongs_to
COMP-0015,PROD-980,belongs_to
COMP-0045,PROD-980,belongs_to
COMP-0012,PROD-D10,belongs_to
COMP-0008,PROD-D10,belongs_to
COMP-0040,PROD-D10,belongs_to
COMP-0096,PROD-D10,belongs_to
COMP-0072,PROD-D10,belongs_to
COMP-0002,PROD-D10,belongs_to
COMP-0007,PROD-D10,belongs_to
COMP-0041,PROD-D10,belongs_to
COMP-0042,PROD-D10,belongs_to
COMP-0029,PROD-D10,belongs_to
COMP-0100,PROD-D10,belongs_to
COMP-0054,PROD-D10,belongs_to
COMP-0069,PROD-D10,belongs_to
COMP-0077,PROD-D10,belongs_to
COMP-0090,PROD-D9,belongs_to
COMP-0071,PROD-D9,belongs_to
COMP-0038,PROD-D9,belongs_to
COMP-0058,PROD-D9,belongs_to
COMP-0098,PROD-D9,belongs_to
COMP-0094,PROD-D9,belongs_to
COMP-0008,PROD-D9,belongs_to
COMP-0027,PROD-D9,belongs_to
COMP-0040,PROD-D9,belongs_to
COMP-0039,PROD-D9,belongs_to
COMP-0017,PROD-D6,belongs_to
COMP-0048,PROD-D6,belongs_to
COMP-0029,PROD-D6,belongs_to
COMP-0073,PROD-D6,belongs_to
COMP-0035,PROD-D6,belongs_to
COMP-0080,PROD-D6,belongs_to
COMP-0030,PROD-D6,belongs_to
COMP-0065,PROD-D6,belongs_to
COMP-0098,PROD-D6,belongs_to
COMP-0069,PROD-D6,belongs_to
COMP-0062,PROD-D6,belongs_to
COMP-0075,PROD-D6,belongs_to
PROD-380,SO-1000000,linked_to
SO-1000000,Dealer-D025,ordered_by
PROD-D9,SO-1000001,linked_to
SO-1000001,Dealer-D028,ordered_by
PROD-3600,SO-1000002,linked_to
SO-1000002,Dealer-D011,ordered_by
PROD-D6,SO-1000003,linked_to
SO-1000003,Dealer-D028,ordered_by
PROD-D9,SO-1000004,linked_to
SO-1000004,Dealer-D034,ordered_by
PROD-380,SO-1000005,linked_to
SO-1000005,Dealer-D044,ordered_by
PROD-980,SO-1000006,linked_to
SO-1000006,Dealer-D028,ordered_by
PROD-950,SO-1000007,linked_to
SO-1000007,Dealer-D025,ordered_by
PROD-3500,SO-1000008,linked_to
SO-1000008,Dealer-D036,ordered_by
PROD-950,SO-1000009,linked_to
SO-1000009,Dealer-D033,ordered_by
PROD-380,SO-1000010,linked_to
SO-1000010,Dealer-D008,ordered_by
PROD-950,SO-1000011,linked_to
SO-1000011,Dealer-D023,ordered_by
PROD-390,SO-1000012,linked_to
SO-1000012,Dealer-D009,ordered_by
PROD-390,SO-1000013,linked_to
SO-1000013,Dealer-D019,ordered_by
PROD-3500,SO-1000014,linked_to
SO-1000014,Dealer-D009,ordered_by
PROD-D9,SO-1000015,linked_to
SO-1000015,Dealer-D014,ordered_by
PROD-3500,SO-1000016,linked_to
SO-1000016,Dealer-D016,ordered_by
PROD-320,SO-1000017,linked_to
SO-1000017,Dealer-D021,ordered_by
PROD-D9,SO-1000018,linked_to
SO-1000018,Dealer-D009,ordered_by
PROD-980,SO-1000019,linked_to
SO-1000019,Dealer-D045,ordered_by
PROD-390,SO-1000020,linked_to
SO-1000020,Dealer-D026,ordered_by
PROD-380,SO-1000021,linked_to
SO-1000021,Dealer-D029,ordered_by
PROD-950,SO-1000022,linked_to
SO-1000022,Dealer-D003,ordered_by
PROD-950,SO-1000023,linked_to
SO-1000023,Dealer-D017,ordered_by
PROD-3500,SO-1000024,linked_to
SO-1000024,Dealer-D045,ordered_by
PROD-950,SO-1000025,linked_to
SO-1000025,Dealer-D049,ordered_by
PROD-980,SO-1000026,linked_to
SO-1000026,Dealer-D026,ordered_by
PROD-D9,SO-1000027,linked_to
SO-1000027,Dealer-D041,ordered_by
PROD-980,SO-1000028,linked_to
SO-1000028,Dealer-D039,ordered_by
PROD-3500,SO-1000029,linked_to
SO-1000029,Dealer-D013,ordered_by
PROD-3500,SO-1000030,linked_to
SO-1000030,Dealer-D012,ordered_by
PROD-980,SO-1000031,linked_to
SO-1000031,Dealer-D046,ordered_by
PROD-3500,SO-1000032,linked_to
SO-1000032,Dealer-D004,ordered_by
PROD-3500,SO-1000033,linked_to
SO-1000033,Dealer-D020,ordered_by
PROD-3600,SO-1000034,linked_to
SO-1000034,Dealer-D010,ordered_by
PROD-950,SO-1000035,linked_to
SO-1000035,Dealer-D020,ordered_by
PROD-380,SO-1000036,linked_to
SO-1000036,Dealer-D041,ordered_by
PROD-D9,SO-1000037,linked_to
SO-1000037,Dealer-D049,ordered_by
PROD-380,SO-1000038,linked_to
SO-1000038,Dealer-D036,ordered_by
PROD-380,SO-1000039,linked_to
SO-1000039,Dealer-D034,ordered_by
PROD-3500,SO-1000040,linked_to
SO-1000040,Dealer-D036,ordered_by
PROD-3500,SO-1000041,linked_to
SO-1000041,Dealer-D001,ordered_by
PROD-3500,SO-1000042,linked_to
SO-1000042,Dealer-D035,ordered_by
PROD-950,SO-1000043,linked_to
SO-1000043,Dealer-D012,ordered_by
PROD-390,SO-1000044,linked_to
SO-1000044,Dealer-D011,ordered_by
PROD-320,SO-1000045,linked_to
SO-1000045,Dealer-D006,ordered_by
PROD-980,SO-1000046,linked_to
SO-1000046,Dealer-D035,ordered_by
PROD-390,SO-1000047,linked_to
SO-1000047,Dealer-D047,ordered_by
PROD-950,SO-1000048,linked_to
SO-1000048,Dealer-D034,ordered_by
PROD-320,SO-1000049,linked_to
SO-1000049,Dealer-D049,ordered_by
PROD-D10,SO-1000050,linked_to
SO-1000050,Dealer-D028,ordered_by
PROD-380,SO-1000051,linked_to
SO-1000051,Dealer-D017,ordered_by
PROD-320,SO-1000052,linked_to
SO-1000052,Dealer-D039,ordered_by
PROD-320,SO-1000053,linked_to
SO-1000053,Dealer-D027,ordered_by
PROD-980,SO-1000054,linked_to
SO-1000054,Dealer-D011,ordered_by
PROD-3500,SO-1000055,linked_to
SO-1000055,Dealer-D006,ordered_by
PROD-980,SO-1000056,linked_to
SO-1000056,Dealer-D006,ordered_by
PROD-3500,SO-1000057,linked_to
SO-1000057,Dealer-D050,ordered_by
PROD-390,SO-1000058,linked_to
SO-1000058,Dealer-D047,ordered_by
PROD-3500,SO-1000059,linked_to
SO-1000059,Dealer-D017,ordered_by
PROD-980,SO-1000060,linked_to
SO-1000060,Dealer-D005,ordered_by
PROD-3600,SO-1000061,linked_to
SO-1000061,Dealer-D021,ordered_by
PROD-D10,SO-1000062,linked_to
SO-1000062,Dealer-D050,ordered_by
PROD-D9,SO-1000063,linked_to
SO-1000063,Dealer-D036,ordered_by
PROD-3500,SO-1000064,linked_to
SO-1000064,Dealer-D009,ordered_by
PROD-390,SO-1000065,linked_to
SO-1000065,Dealer-D046,ordered_by
PROD-3600,SO-1000066,linked_to
SO-1000066,Dealer-D045,ordered_by
PROD-D6,SO-1000067,linked_to
SO-1000067,Dealer-D034,ordered_by
PROD-3600,SO-1000068,linked_to
SO-1000068,Dealer-D047,ordered_by
PROD-980,SO-1000069,linked_to
SO-1000069,Dealer-D029,ordered_by
PROD-380,SO-1000070,linked_to
SO-1000070,Dealer-D021,ordered_by
PROD-D6,SO-1000071,linked_to
SO-1000071,Dealer-D023,ordered_by
PROD-390,SO-1000072,linked_to
SO-1000072,Dealer-D050,ordered_by
PROD-D10,SO-1000073,linked_to
SO-1000073,Dealer-D023,ordered_by
PROD-D9,SO-1000074,linked_to
SO-1000074,Dealer-D011,ordered_by
PROD-950,SO-1000075,linked_to
SO-1000075,Dealer-D032,ordered_by
PROD-D9,SO-1000076,linked_to
SO-1000076,Dealer-D005,ordered_by
PROD-390,SO-1000077,linked_to
SO-1000077,Dealer-D044,ordered_by
PROD-D10,SO-1000078,linked_to
SO-1000078,Dealer-D048,ordered_by
PROD-D9,SO-1000079,linked_to
SO-1000079,Dealer-D027,ordered_by
PROD-320,SO-1000080,linked_to
SO-1000080,Dealer-D013,ordered_by
PROD-320,SO-1000081,linked_to
SO-1000081,Dealer-D009,ordered_by
PROD-980,SO-1000082,linked_to
SO-1000082,Dealer-D048,ordered_by
PROD-980,SO-1000083,linked_to
SO-1000083,Dealer-D041,ordered_by
PROD-D9,SO-1000084,linked_to
SO-1000084,Dealer-D009,ordered_by
PROD-3600,SO-1000085,linked_to
SO-1000085,Dealer-D045,ordered_by
PROD-320,SO-1000086,linked_to
SO-1000086,Dealer-D006,ordered_by
PROD-380,SO-1000087,linked_to
SO-1000087,Dealer-D043,ordered_by
PROD-320,SO-1000088,linked_to
SO-1000088,Dealer-D047,ordered_by
PROD-D6,SO-1000089,linked_to
SO-1000089,Dealer-D014,ordered_by
PROD-D9,SO-1000090,linked_to
SO-1000090,Dealer-D024,ordered_by
PROD-D6,SO-1000091,linked_to
SO-1000091,Dealer-D028,ordered_by
PROD-950,SO-1000092,linked_to
SO-1000092,Dealer-D037,ordered_by
PROD-320,SO-1000093,linked_to
SO-1000093,Dealer-D012,ordered_by
PROD-980,SO-1000094,linked_to
SO-1000094,Dealer-D033,ordered_by
PROD-3600,SO-1000095,linked_to
SO-1000095,Dealer-D029,ordered_by
PROD-D10,SO-1000096,linked_to
SO-1000096,Dealer-D005,ordered_by
PROD-3500,SO-1000097,linked_to
SO-1000097,Dealer-D041,ordered_by
PROD-380,SO-1000098,linked_to
SO-1000098,Dealer-D045,ordered_by
PROD-3500,SO-1000099,linked_to
SO-1000099,Dealer-D043,ordered_by
PROD-D9,SO-1000100,linked_to
SO-1000100,Dealer-D031,ordered_by
PROD-D10,SO-1000101,linked_to
SO-1000101,Dealer-D041,ordered_by
PROD-320,SO-1000102,linked_to
SO-1000102,Dealer-D021,ordered_by
PROD-380,SO-1000103,linked_to
SO-1000103,Dealer-D013,ordered_by
PROD-3600,SO-1000104,linked_to
SO-1000104,Dealer-D048,ordered_by
PROD-D9,SO-1000105,linked_to
SO-1000105,Dealer-D026,ordered_by
PROD-390,SO-1000106,linked_to
SO-1000106,Dealer-D006,ordered_by
PROD-320,SO-1000107,linked_to
SO-1000107,Dealer-D043,ordered_by
PROD-390,SO-1000108,linked_to
SO-1000108,Dealer-D030,ordered_by
PROD-950,SO-1000109,linked_to
SO-1000109,Dealer-D050,ordered_by
PROD-D6,SO-1000110,linked_to
SO-1000110,Dealer-D028,ordered_by
PROD-950,SO-1000111,linked_to
SO-1000111,Dealer-D008,ordered_by
PROD-D9,SO-1000112,linked_to
SO-1000112,Dealer-D036,ordered_by
PROD-380,SO-1000113,linked_to
SO-1000113,Dealer-D049,ordered_by
PROD-3500,SO-1000114,linked_to
SO-1000114,Dealer-D014,ordered_by
PROD-3600,SO-1000115,linked_to
SO-1000115,Dealer-D001,ordered_by
PROD-320,SO-1000116,linked_to
SO-1000116,Dealer-D041,ordered_by
PROD-390,SO-1000117,linked_to
SO-1000117,Dealer-D029,ordered_by
PROD-980,SO-1000118,linked_to
SO-1000118,Dealer-D019,ordered_by
PROD-980,SO-1000119,linked_to
SO-1000119,Dealer-D004,ordered_by
PROD-380,SO-1000120,linked_to
SO-1000120,Dealer-D041,ordered_by
PROD-380,SO-1000121,linked_to
SO-1000121,Dealer-D015,ordered_by
PROD-D10,SO-1000122,linked_to
SO-1000122,Dealer-D034,ordered_by
PROD-320,SO-1000123,linked_to
SO-1000123,Dealer-D023,ordered_by
PROD-320,SO-1000124,linked_to
SO-1000124,Dealer-D006,ordered_by
PROD-380,SO-1000125,linked_to
SO-1000125,Dealer-D003,ordered_by
PROD-320,SO-1000126,linked_to
SO-1000126,Dealer-D041,ordered_by
PROD-380,SO-1000127,linked_to
SO-1000127,Dealer-D048,ordered_by
PROD-D10,SO-1000128,linked_to
SO-1000128,Dealer-D021,ordered_by
PROD-3500,SO-1000129,linked_to
SO-1000129,Dealer-D009,ordered_by
PROD-320,SO-1000130,linked_to
SO-1000130,Dealer-D025,ordered_by
PROD-D9,SO-1000131,linked_to
SO-1000131,Dealer-D017,ordered_by
PROD-980,SO-1000132,linked_to
SO-1000132,Dealer-D001,ordered_by
PROD-D9,SO-1000133,linked_to
SO-1000133,Dealer-D041,ordered_by
PROD-980,SO-1000134,linked_to
SO-1000134,Dealer-D049,ordered_by
PROD-380,SO-1000135,linked_to
SO-1000135,Dealer-D049,ordered_by
PROD-980,SO-1000136,linked_to
SO-1000136,Dealer-D034,ordered_by
PROD-D10,SO-1000137,linked_to
SO-1000137,Dealer-D049,ordered_by
PROD-380,SO-1000138,linked_to
SO-1000138,Dealer-D035,ordered_by
PROD-380,SO-1000139,linked_to
SO-1000139,Dealer-D022,ordered_by
PROD-980,SO-1000140,linked_to
SO-1000140,Dealer-D016,ordered_by
PROD-320,SO-1000141,linked_to
SO-1000141,Dealer-D049,ordered_by
PROD-320,SO-1000142,linked_to
SO-1000142,Dealer-D028,ordered_by
PROD-320,SO-1000143,linked_to
SO-1000143,Dealer-D022,ordered_by
PROD-950,SO-1000144,linked_to
SO-1000144,Dealer-D020,ordered_by
PROD-D10,SO-1000145,linked_to
SO-1000145,Dealer-D020,ordered_by
PROD-3600,SO-1000146,linked_to
SO-1000146,Dealer-D017,ordered_by
PROD-D9,SO-1000147,linked_to
SO-1000147,Dealer-D020,ordered_by
PROD-380,SO-1000148,linked_to
SO-1000148,Dealer-D025,ordered_by
PROD-950,SO-1000149,linked_to
SO-1000149,Dealer-D039,ordered_by
PROD-3600,SO-1000150,linked_to
SO-1000150,Dealer-D047,ordered_by
PROD-3500,SO-1000151,linked_to
SO-1000151,Dealer-D009,ordered_by
PROD-390,SO-1000152,linked_to
SO-1000152,Dealer-D029,ordered_by
PROD-320,SO-1000153,linked_to
SO-1000153,Dealer-D048,ordered_by
PROD-3500,SO-1000154,linked_to
SO-1000154,Dealer-D028,ordered_by
PROD-390,SO-1000155,linked_to
SO-1000155,Dealer-D010,ordered_by
PROD-380,SO-1000156,linked_to
SO-1000156,Dealer-D050,ordered_by
PROD-D6,SO-1000157,linked_to
SO-1000157,Dealer-D009,ordered_by
PROD-390,SO-1000158,linked_to
SO-1000158,Dealer-D050,ordered_by
PROD-D9,SO-1000159,linked_to
SO-1000159,Dealer-D033,ordered_by
PROD-380,SO-1000160,linked_to
SO-1000160,Dealer-D050,ordered_by
PROD-380,SO-1000161,linked_to
SO-1000161,Dealer-D038,ordered_by
PROD-D10,SO-1000162,linked_to
SO-1000162,Dealer-D027,ordered_by
PROD-3500,SO-1000163,linked_to
SO-1000163,Dealer-D049,ordered_by
PROD-950,SO-1000164,linked_to
SO-1000164,Dealer-D043,ordered_by
PROD-950,SO-1000165,linked_to
SO-1000165,Dealer-D034,ordered_by
PROD-390,SO-1000166,linked_to
SO-1000166,Dealer-D024,ordered_by
PROD-950,SO-1000167,linked_to
SO-1000167,Dealer-D038,ordered_by
PROD-390,SO-1000168,linked_to
SO-1000168,Dealer-D003,ordered_by
PROD-D10,SO-1000169,linked_to
SO-1000169,Dealer-D027,ordered_by
PROD-980,SO-1000170,linked_to
SO-1000170,Dealer-D025,ordered_by
PROD-D6,SO-1000171,linked_to
SO-1000171,Dealer-D042,ordered_by
PROD-980,SO-1000172,linked_to
SO-1000172,Dealer-D035,ordered_by
PROD-380,SO-1000173,linked_to
SO-1000173,Dealer-D023,ordered_by
PROD-390,SO-1000174,linked_to
SO-1000174,Dealer-D013,ordered_by
PROD-950,SO-1000175,linked_to
SO-1000175,Dealer-D037,ordered_by
PROD-D6,SO-1000176,linked_to
SO-1000176,Dealer-D043,ordered_by
PROD-980,SO-1000177,linked_to
SO-1000177,Dealer-D014,ordered_by
PROD-D9,SO-1000178,linked_to
SO-1000178,Dealer-D008,ordered_by
PROD-D6,SO-1000179,linked_to
SO-1000179,Dealer-D047,ordered_by
PROD-3500,SO-1000180,linked_to
SO-1000180,Dealer-D029,ordered_by
PROD-3500,SO-1000181,linked_to
SO-1000181,Dealer-D026,ordered_by
PROD-380,SO-1000182,linked_to
SO-1000182,Dealer-D025,ordered_by
PROD-D9,SO-1000183,linked_to
SO-1000183,Dealer-D028,ordered_by
PROD-380,SO-1000184,linked_to
SO-1000184,Dealer-D044,ordered_by
PROD-380,SO-1000185,linked_to
SO-1000185,Dealer-D041,ordered_by
PROD-3600,SO-1000186,linked_to
SO-1000186,Dealer-D048,ordered_by
PROD-390,SO-1000187,linked_to
SO-1000187,Dealer-D028,ordered_by
PROD-390,SO-1000188,linked_to
SO-1000188,Dealer-D015,ordered_by
PROD-390,SO-1000189,linked_to
SO-1000189,Dealer-D004,ordered_by
PROD-D10,SO-1000190,linked_to
SO-1000190,Dealer-D034,ordered_by
PROD-980,SO-1000191,linked_to
SO-1000191,Dealer-D048,ordered_by
PROD-D9,SO-1000192,linked_to
SO-1000192,Dealer-D007,ordered_by
PROD-390,SO-1000193,linked_to
SO-1000193,Dealer-D026,ordered_by
PROD-3600,SO-1000194,linked_to
SO-1000194,Dealer-D045,ordered_by
PROD-3600,SO-1000195,linked_to
SO-1000195,Dealer-D023,ordered_by
PROD-3500,SO-1000196,linked_to
SO-1000196,Dealer-D003,ordered_by
PROD-D6,SO-1000197,linked_to
SO-1000197,Dealer-D022,ordered_by
PROD-3500,SO-1000198,linked_to
SO-1000198,Dealer-D020,ordered_by
PROD-380,SO-1000199,linked_to
SO-1000199,Dealer-D032,ordered_by
PROD-D10,SO-1000200,linked_to
SO-1000200,Dealer-D046,ordered_by
PROD-3500,SO-1000201,linked_to
SO-1000201,Dealer-D011,ordered_by
PROD-D6,SO-1000202,linked_to
SO-1000202,Dealer-D031,ordered_by
PROD-390,SO-1000203,linked_to
SO-1000203,Dealer-D035,ordered_by
PROD-950,SO-1000204,linked_to
SO-1000204,Dealer-D035,ordered_by
PROD-380,SO-1000205,linked_to
SO-1000205,Dealer-D035,ordered_by
PROD-D6,SO-1000206,linked_to
SO-1000206,Dealer-D002,ordered_by
PROD-980,SO-1000207,linked_to
SO-1000207,Dealer-D034,ordered_by
PROD-390,SO-1000208,linked_to
SO-1000208,Dealer-D050,ordered_by
PROD-980,SO-1000209,linked_to
SO-1000209,Dealer-D018,ordered_by
PROD-D9,SO-1000210,linked_to
SO-1000210,Dealer-D025,ordered_by
PROD-950,SO-1000211,linked_to
SO-1000211,Dealer-D040,ordered_by
PROD-3500,SO-1000212,linked_to
SO-1000212,Dealer-D048,ordered_by
PROD-3600,SO-1000213,linked_to
SO-1000213,Dealer-D026,ordered_by
PROD-D10,SO-1000214,linked_to
SO-1000214,Dealer-D008,ordered_by
PROD-390,SO-1000215,linked_to
SO-1000215,Dealer-D017,ordered_by
PROD-D10,SO-1000216,linked_to
SO-1000216,Dealer-D047,ordered_by
PROD-320,SO-1000217,linked_to
SO-1000217,Dealer-D020,ordered_by
PROD-320,SO-1000218,linked_to
SO-1000218,Dealer-D039,ordered_by
PROD-3600,SO-1000219,linked_to
SO-1000219,Dealer-D046,ordered_by
PROD-D10,SO-1000220,linked_to
SO-1000220,Dealer-D038,ordered_by
PROD-D10,SO-1000221,linked_to
SO-1000221,Dealer-D040,ordered_by
PROD-980,SO-1000222,linked_to
SO-1000222,Dealer-D010,ordered_by
PROD-950,SO-1000223,linked_to
SO-1000223,Dealer-D026,ordered_by
PROD-320,SO-1000224,linked_to
SO-1000224,Dealer-D011,ordered_by
PROD-3500,SO-1000225,linked_to
SO-1000225,Dealer-D023,ordered_by
PROD-D9,SO-1000226,linked_to
SO-1000226,Dealer-D034,ordered_by
PROD-980,SO-1000227,linked_to
SO-1000227,Dealer-D042,ordered_by
PROD-3600,SO-1000228,linked_to
SO-1000228,Dealer-D021,ordered_by
PROD-D9,SO-1000229,linked_to
SO-1000229,Dealer-D007,ordered_by
PROD-D10,SO-1000230,linked_to
SO-1000230,Dealer-D032,ordered_by
PROD-950,SO-1000231,linked_to
SO-1000231,Dealer-D026,ordered_by
PROD-D10,SO-1000232,linked_to
SO-1000232,Dealer-D038,ordered_by
PROD-950,SO-1000233,linked_to
SO-1000233,Dealer-D022,ordered_by
PROD-3500,SO-1000234,linked_to
SO-1000234,Dealer-D012,ordered_by
PROD-D6,SO-1000235,linked_to
SO-1000235,Dealer-D021,ordered_by
PROD-3600,SO-1000236,linked_to
SO-1000236,Dealer-D042,ordered_by
PROD-3500,SO-1000237,linked_to
SO-1000237,Dealer-D001,ordered_by
PROD-980,SO-1000238,linked_to
SO-1000238,Dealer-D047,ordered_by
PROD-980,SO-1000239,linked_to
SO-1000239,Dealer-D017,ordered_by
PROD-320,SO-1000240,linked_to
SO-1000240,Dealer-D021,ordered_by
PROD-320,SO-1000241,linked_to
SO-1000241,Dealer-D010,ordered_by
PROD-3500,SO-1000242,linked_to
SO-1000242,Dealer-D047,ordered_by
PROD-D9,SO-1000243,linked_to
SO-1000243,Dealer-D045,ordered_by
PROD-380,SO-1000244,linked_to
SO-1000244,Dealer-D042,ordered_by
PROD-320,SO-1000245,linked_to
SO-1000245,Dealer-D021,ordered_by
PROD-D9,SO-1000246,linked_to
SO-1000246,Dealer-D008,ordered_by
PROD-D10,SO-1000247,linked_to
SO-1000247,Dealer-D002,ordered_by
PROD-3600,SO-1000248,linked_to
SO-1000248,Dealer-D038,ordered_by
PROD-390,SO-1000249,linked_to
SO-1000249,Dealer-D043,ordered_by
PROD-380,SO-1000250,linked_to
SO-1000250,Dealer-D046,ordered_by
PROD-D10,SO-1000251,linked_to
SO-1000251,Dealer-D048,ordered_by
PROD-D10,SO-1000252,linked_to
SO-1000252,Dealer-D009,ordered_by
PROD-950,SO-1000253,linked_to
SO-1000253,Dealer-D024,ordered_by
PROD-380,SO-1000254,linked_to
SO-1000254,Dealer-D005,ordered_by
PROD-3600,SO-1000255,linked_to
SO-1000255,Dealer-D026,ordered_by
PROD-3600,SO-1000256,linked_to
SO-1000256,Dealer-D025,ordered_by
PROD-320,SO-1000257,linked_to
SO-1000257,Dealer-D022,ordered_by
PROD-D9,SO-1000258,linked_to
SO-1000258,Dealer-D046,ordered_by
PROD-980,SO-1000259,linked_to
SO-1000259,Dealer-D048,ordered_by
PROD-D6,SO-1000260,linked_to
SO-1000260,Dealer-D050,ordered_by
PROD-D6,SO-1000261,linked_to
SO-1000261,Dealer-D005,ordered_by
PROD-3600,SO-1000262,linked_to
SO-1000262,Dealer-D009,ordered_by
PROD-D10,SO-1000263,linked_to
SO-1000263,Dealer-D026,ordered_by
PROD-3600,SO-1000264,linked_to
SO-1000264,Dealer-D047,ordered_by
PROD-3500,SO-1000265,linked_to
SO-1000265,Dealer-D001,ordered_by
PROD-D10,SO-1000266,linked_to
SO-1000266,Dealer-D016,ordered_by
PROD-950,SO-1000267,linked_to
SO-1000267,Dealer-D017,ordered_by
PROD-320,SO-1000268,linked_to
SO-1000268,Dealer-D049,ordered_by
PROD-320,SO-1000269,linked_to
SO-1000269,Dealer-D026,ordered_by
PROD-D9,SO-1000270,linked_to
SO-1000270,Dealer-D017,ordered_by
PROD-380,SO-1000271,linked_to
SO-1000271,Dealer-D043,ordered_by
PROD-D10,SO-1000272,linked_to
SO-1000272,Dealer-D044,ordered_by
PROD-950,SO-1000273,linked_to
SO-1000273,Dealer-D036,ordered_by
PROD-390,SO-1000274,linked_to
SO-1000274,Dealer-D016,ordered_by
PROD-980,SO-1000275,linked_to
SO-1000275,Dealer-D009,ordered_by
PROD-D9,SO-1000276,linked_to
SO-1000276,Dealer-D042,ordered_by
PROD-980,SO-1000277,linked_to
SO-1000277,Dealer-D034,ordered_by
PROD-980,SO-1000278,linked_to
SO-1000278,Dealer-D029,ordered_by
PROD-390,SO-1000279,linked_to
SO-1000279,Dealer-D010,ordered_by
PROD-390,SO-1000280,linked_to
SO-1000280,Dealer-D017,ordered_by
PROD-390,SO-1000281,linked_to
SO-1000281,Dealer-D001,ordered_by
PROD-980,SO-1000282,linked_to
SO-1000282,Dealer-D012,ordered_by
PROD-380,SO-1000283,linked_to
SO-1000283,Dealer-D010,ordered_by
PROD-D10,SO-1000284,linked_to
SO-1000284,Dealer-D034,ordered_by
PROD-D9,SO-1000285,linked_to
SO-1000285,Dealer-D041,ordered_by
PROD-320,SO-1000286,linked_to
SO-1000286,Dealer-D011,ordered_by
PROD-3600,SO-1000287,linked_to
SO-1000287,Dealer-D042,ordered_by
PROD-950,SO-1000288,linked_to
SO-1000288,Dealer-D016,ordered_by
PROD-D10,SO-1000289,linked_to
SO-1000289,Dealer-D027,ordered_by
PROD-3500,SO-1000290,linked_to
SO-1000290,Dealer-D043,ordered_by
PROD-390,SO-1000291,linked_to
SO-1000291,Dealer-D016,ordered_by
PROD-390,SO-1000292,linked_to
SO-1000292,Dealer-D045,ordered_by
PROD-D6,SO-1000293,linked_to
SO-1000293,Dealer-D013,ordered_by
PROD-390,SO-1000294,linked_to
SO-1000294,Dealer-D006,ordered_by
PROD-380,SO-1000295,linked_to
SO-1000295,Dealer-D045,ordered_by
PROD-D9,SO-1000296,linked_to
SO-1000296,Dealer-D036,ordered_by
PROD-390,SO-1000297,linked_to
SO-1000297,Dealer-D009,ordered_by
PROD-D6,SO-1000298,linked_to
SO-1000298,Dealer-D022,ordered_by
PROD-380,SO-1000299,linked_to
SO-1000299,Dealer-D042,ordered_by
PROD-3600,SO-1000300,linked_to
SO-1000300,Dealer-D010,ordered_by
PROD-D10,SO-1000301,linked_to
SO-1000301,Dealer-D043,ordered_by
PROD-3500,SO-1000302,linked_to
SO-1000302,Dealer-D031,ordered_by
PROD-390,SO-1000303,linked_to
SO-1000303,Dealer-D024,ordered_by
PROD-380,SO-1000304,linked_to
SO-1000304,Dealer-D045,ordered_by
PROD-3600,SO-1000305,linked_to
SO-1000305,Dealer-D016,ordered_by
PROD-D6,SO-1000306,linked_to
SO-1000306,Dealer-D010,ordered_by
PROD-950,SO-1000307,linked_to
SO-1000307,Dealer-D037,ordered_by
PROD-D6,SO-1000308,linked_to
SO-1000308,Dealer-D034,ordered_by
PROD-D9,SO-1000309,linked_to
SO-1000309,Dealer-D010,ordered_by
PROD-D10,SO-1000310,linked_to
SO-1000310,Dealer-D036,ordered_by
PROD-320,SO-1000311,linked_to
SO-1000311,Dealer-D012,ordered_by
PROD-320,SO-1000312,linked_to
SO-1000312,Dealer-D014,ordered_by
PROD-390,SO-1000313,linked_to
SO-1000313,Dealer-D006,ordered_by
PROD-3500,SO-1000314,linked_to
SO-1000314,Dealer-D025,ordered_by
PROD-320,SO-1000315,linked_to
SO-1000315,Dealer-D016,ordered_by
PROD-980,SO-1000316,linked_to
SO-1000316,Dealer-D017,ordered_by
PROD-3600,SO-1000317,linked_to
SO-1000317,Dealer-D047,ordered_by
PROD-380,SO-1000318,linked_to
SO-1000318,Dealer-D031,ordered_by
PROD-380,SO-1000319,linked_to
SO-1000319,Dealer-D020,ordered_by
PROD-D9,SO-1000320,linked_to
SO-1000320,Dealer-D005,ordered_by
PROD-950,SO-1000321,linked_to
SO-1000321,Dealer-D047,ordered_by
PROD-3500,SO-1000322,linked_to
SO-1000322,Dealer-D047,ordered_by
PROD-380,SO-1000323,linked_to
SO-1000323,Dealer-D033,ordered_by
PROD-980,SO-1000324,linked_to
SO-1000324,Dealer-D009,ordered_by
PROD-D9,SO-1000325,linked_to
SO-1000325,Dealer-D013,ordered_by
PROD-390,SO-1000326,linked_to
SO-1000326,Dealer-D008,ordered_by
PROD-D10,SO-1000327,linked_to
SO-1000327,Dealer-D020,ordered_by
PROD-950,SO-1000328,linked_to
SO-1000328,Dealer-D042,ordered_by
PROD-3500,SO-1000329,linked_to
SO-1000329,Dealer-D028,ordered_by
PROD-D9,SO-1000330,linked_to
SO-1000330,Dealer-D004,ordered_by
PROD-320,SO-1000331,linked_to
SO-1000331,Dealer-D046,ordered_by
PROD-3500,SO-1000332,linked_to
SO-1000332,Dealer-D004,ordered_by
PROD-D9,SO-1000333,linked_to
SO-1000333,Dealer-D043,ordered_by
PROD-380,SO-1000334,linked_to
SO-1000334,Dealer-D014,ordered_by
PROD-D10,SO-1000335,linked_to
SO-1000335,Dealer-D045,ordered_by
PROD-980,SO-1000336,linked_to
SO-1000336,Dealer-D038,ordered_by
PROD-3600,SO-1000337,linked_to
SO-1000337,Dealer-D007,ordered_by
PROD-390,SO-1000338,linked_to
SO-1000338,Dealer-D017,ordered_by
PROD-D10,SO-1000339,linked_to
SO-1000339,Dealer-D035,ordered_by
PROD-D9,SO-1000340,linked_to
SO-1000340,Dealer-D032,ordered_by
PROD-980,SO-1000341,linked_to
SO-1000341,Dealer-D017,ordered_by
PROD-390,SO-1000342,linked_to
SO-1000342,Dealer-D044,ordered_by
PROD-D6,SO-1000343,linked_to
SO-1000343,Dealer-D023,ordered_by
PROD-320,SO-1000344,linked_to
SO-1000344,Dealer-D018,ordered_by
PROD-980,SO-1000345,linked_to
SO-1000345,Dealer-D030,ordered_by
PROD-3600,SO-1000346,linked_to
SO-1000346,Dealer-D015,ordered_by
PROD-3600,SO-1000347,linked_to
SO-1000347,Dealer-D043,ordered_by
PROD-3600,SO-1000348,linked_to
SO-1000348,Dealer-D004,ordered_by
PROD-D6,SO-1000349,linked_to
SO-1000349,Dealer-D006,ordered_by
PROD-380,SO-1000350,linked_to
SO-1000350,Dealer-D028,ordered_by
PROD-D6,SO-1000351,linked_to
SO-1000351,Dealer-D005,ordered_by
PROD-380,SO-1000352,linked_to
SO-1000352,Dealer-D003,ordered_by
PROD-380,SO-1000353,linked_to
SO-1000353,Dealer-D019,ordered_by
PROD-380,SO-1000354,linked_to
SO-1000354,Dealer-D021,ordered_by
PROD-320,SO-1000355,linked_to
SO-1000355,Dealer-D014,ordered_by
PROD-3500,SO-1000356,linked_to
SO-1000356,Dealer-D044,ordered_by
PROD-D6,SO-1000357,linked_to
SO-1000357,Dealer-D017,ordered_by
PROD-3600,SO-1000358,linked_to
SO-1000358,Dealer-D025,ordered_by
PROD-D9,SO-1000359,linked_to
SO-1000359,Dealer-D027,ordered_by
PROD-D9,SO-1000360,linked_to
SO-1000360,Dealer-D005,ordered_by
PROD-3600,SO-1000361,linked_to
SO-1000361,Dealer-D045,ordered_by
PROD-320,SO-1000362,linked_to
SO-1000362,Dealer-D039,ordered_by
PROD-980,SO-1000363,linked_to
SO-1000363,Dealer-D043,ordered_by
PROD-380,SO-1000364,linked_to
SO-1000364,Dealer-D033,ordered_by
PROD-380,SO-1000365,linked_to
SO-1000365,Dealer-D034,ordered_by
PROD-D10,SO-1000366,linked_to
SO-1000366,Dealer-D035,ordered_by
PROD-980,SO-1000367,linked_to
SO-1000367,Dealer-D023,ordered_by
PROD-3600,SO-1000368,linked_to
SO-1000368,Dealer-D023,ordered_by
PROD-950,SO-1000369,linked_to
SO-1000369,Dealer-D020,ordered_by
PROD-3500,SO-1000370,linked_to
SO-1000370,Dealer-D040,ordered_by
PROD-3600,SO-1000371,linked_to
SO-1000371,Dealer-D041,ordered_by
PROD-3600,SO-1000372,linked_to
SO-1000372,Dealer-D006,ordered_by
PROD-390,SO-1000373,linked_to
SO-1000373,Dealer-D049,ordered_by
PROD-3500,SO-1000374,linked_to
SO-1000374,Dealer-D045,ordered_by
PROD-D9,SO-1000375,linked_to
SO-1000375,Dealer-D019,ordered_by
PROD-D10,SO-1000376,linked_to
SO-1000376,Dealer-D034,ordered_by
PROD-D9,SO-1000377,linked_to
SO-1000377,Dealer-D006,ordered_by
PROD-D10,SO-1000378,linked_to
SO-1000378,Dealer-D018,ordered_by
PROD-D6,SO-1000379,linked_to
SO-1000379,Dealer-D009,ordered_by
PROD-390,SO-1000380,linked_to
SO-1000380,Dealer-D005,ordered_by
PROD-D6,SO-1000381,linked_to
SO-1000381,Dealer-D045,ordered_by
PROD-380,SO-1000382,linked_to
SO-1000382,Dealer-D011,ordered_by
PROD-390,SO-1000383,linked_to
SO-1000383,Dealer-D009,ordered_by
PROD-D6,SO-1000384,linked_to
SO-1000384,Dealer-D029,ordered_by
PROD-980,SO-1000385,linked_to
SO-1000385,Dealer-D044,ordered_by
PROD-380,SO-1000386,linked_to
SO-1000386,Dealer-D006,ordered_by
PROD-380,SO-1000387,linked_to
SO-1000387,Dealer-D022,ordered_by
PROD-980,SO-1000388,linked_to
SO-1000388,Dealer-D035,ordered_by
PROD-950,SO-1000389,linked_to
SO-1000389,Dealer-D025,ordered_by
PROD-980,SO-1000390,linked_to
SO-1000390,Dealer-D017,ordered_by
PROD-D9,SO-1000391,linked_to
SO-1000391,Dealer-D006,ordered_by
PROD-950,SO-1000392,linked_to
SO-1000392,Dealer-D003,ordered_by
PROD-950,SO-1000393,linked_to
SO-1000393,Dealer-D020,ordered_by
PROD-950,SO-1000394,linked_to
SO-1000394,Dealer-D003,ordered_by
PROD-D6,SO-1000395,linked_to
SO-1000395,Dealer-D041,ordered_by
PROD-380,SO-1000396,linked_to
SO-1000396,Dealer-D017,ordered_by
PROD-3500,SO-1000397,linked_to
SO-1000397,Dealer-D014,ordered_by
PROD-950,SO-1000398,linked_to
SO-1000398,Dealer-D015,ordered_by
PROD-D9,SO-1000399,linked_to
SO-1000399,Dealer-D047,ordered_by
PROD-3500,SO-1000400,linked_to
SO-1000400,Dealer-D013,ordered_by
PROD-D9,SO-1000401,linked_to
SO-1000401,Dealer-D031,ordered_by
PROD-D10,SO-1000402,linked_to
SO-1000402,Dealer-D025,ordered_by
PROD-3600,SO-1000403,linked_to
SO-1000403,Dealer-D016,ordered_by
PROD-980,SO-1000404,linked_to
SO-1000404,Dealer-D021,ordered_by
PROD-380,SO-1000405,linked_to
SO-1000405,Dealer-D016,ordered_by
PROD-390,SO-1000406,linked_to
SO-1000406,Dealer-D009,ordered_by
PROD-3600,SO-1000407,linked_to
SO-1000407,Dealer-D033,ordered_by
PROD-3500,SO-1000408,linked_to
SO-1000408,Dealer-D018,ordered_by
PROD-D6,SO-1000409,linked_to
SO-1000409,Dealer-D050,ordered_by
PROD-980,SO-1000410,linked_to
SO-1000410,Dealer-D037,ordered_by
PROD-D6,SO-1000411,linked_to
SO-1000411,Dealer-D034,ordered_by
PROD-3500,SO-1000412,linked_to
SO-1000412,Dealer-D004,ordered_by
PROD-D6,SO-1000413,linked_to
SO-1000413,Dealer-D047,ordered_by
PROD-3500,SO-1000414,linked_to
SO-1000414,Dealer-D008,ordered_by
PROD-950,SO-1000415,linked_to
SO-1000415,Dealer-D035,ordered_by
PROD-950,SO-1000416,linked_to
SO-1000416,Dealer-D017,ordered_by
PROD-D9,SO-1000417,linked_to
SO-1000417,Dealer-D019,ordered_by
PROD-950,SO-1000418,linked_to
SO-1000418,Dealer-D029,ordered_by
PROD-950,SO-1000419,linked_to
SO-1000419,Dealer-D044,ordered_by
PROD-980,SO-1000420,linked_to
SO-1000420,Dealer-D023,ordered_by
PROD-980,SO-1000421,linked_to
SO-1000421,Dealer-D014,ordered_by
PROD-950,SO-1000422,linked_to
SO-1000422,Dealer-D012,ordered_by
PROD-380,SO-1000423,linked_to
SO-1000423,Dealer-D006,ordered_by
PROD-D6,SO-1000424,linked_to
SO-1000424,Dealer-D007,ordered_by
PROD-980,SO-1000425,linked_to
SO-1000425,Dealer-D002,ordered_by
PROD-380,SO-1000426,linked_to
SO-1000426,Dealer-D035,ordered_by
PROD-3600,SO-1000427,linked_to
SO-1000427,Dealer-D032,ordered_by
PROD-980,SO-1000428,linked_to
SO-1000428,Dealer-D006,ordered_by
PROD-3500,SO-1000429,linked_to
SO-1000429,Dealer-D017,ordered_by
PROD-D9,SO-1000430,linked_to
SO-1000430,Dealer-D016,ordered_by
PROD-3600,SO-1000431,linked_to
SO-1000431,Dealer-D036,ordered_by
PROD-D6,SO-1000432,linked_to
SO-1000432,Dealer-D011,ordered_by
PROD-D10,SO-1000433,linked_to
SO-1000433,Dealer-D024,ordered_by
PROD-D9,SO-1000434,linked_to
SO-1000434,Dealer-D032,ordered_by
PROD-D10,SO-1000435,linked_to
SO-1000435,Dealer-D048,ordered_by
PROD-3600,SO-1000436,linked_to
SO-1000436,Dealer-D017,ordered_by
PROD-390,SO-1000437,linked_to
SO-1000437,Dealer-D049,ordered_by
PROD-320,SO-1000438,linked_to
SO-1000438,Dealer-D013,ordered_by
PROD-320,SO-1000439,linked_to
SO-1000439,Dealer-D018,ordered_by
PROD-3500,SO-1000440,linked_to
SO-1000440,Dealer-D012,ordered_by
PROD-320,SO-1000441,linked_to
SO-1000441,Dealer-D036,ordered_by
PROD-3500,SO-1000442,linked_to
SO-1000442,Dealer-D001,ordered_by
PROD-950,SO-1000443,linked_to
SO-1000443,Dealer-D028,ordered_by
PROD-980,SO-1000444,linked_to
SO-1000444,Dealer-D026,ordered_by
PROD-3600,SO-1000445,linked_to
SO-1000445,Dealer-D026,ordered_by
PROD-3600,SO-1000446,linked_to
SO-1000446,Dealer-D024,ordered_by
PROD-980,SO-1000447,linked_to
SO-1000447,Dealer-D009,ordered_by
PROD-380,SO-1000448,linked_to
SO-1000448,Dealer-D020,ordered_by
PROD-950,SO-1000449,linked_to
SO-1000449,Dealer-D044,ordered_by
PROD-980,SO-1000450,linked_to
SO-1000450,Dealer-D040,ordered_by
PROD-980,SO-1000451,linked_to
SO-1000451,Dealer-D048,ordered_by
PROD-380,SO-1000452,linked_to
SO-1000452,Dealer-D015,ordered_by
PROD-950,SO-1000453,linked_to
SO-1000453,Dealer-D011,ordered_by
PROD-980,SO-1000454,linked_to
SO-1000454,Dealer-D038,ordered_by
PROD-380,SO-1000455,linked_to
SO-1000455,Dealer-D031,ordered_by
PROD-D9,SO-1000456,linked_to
SO-1000456,Dealer-D022,ordered_by
PROD-950,SO-1000457,linked_to
SO-1000457,Dealer-D034,ordered_by
PROD-D10,SO-1000458,linked_to
SO-1000458,Dealer-D002,ordered_by
PROD-950,SO-1000459,linked_to
SO-1000459,Dealer-D042,ordered_by
PROD-980,SO-1000460,linked_to
SO-1000460,Dealer-D023,ordered_by
PROD-D6,SO-1000461,linked_to
SO-1000461,Dealer-D022,ordered_by
PROD-320,SO-1000462,linked_to
SO-1000462,Dealer-D008,ordered_by
PROD-D10,SO-1000463,linked_to
SO-1000463,Dealer-D018,ordered_by
PROD-D9,SO-1000464,linked_to
SO-1000464,Dealer-D046,ordered_by
PROD-980,SO-1000465,linked_to
SO-1000465,Dealer-D023,ordered_by
PROD-380,SO-1000466,linked_to
SO-1000466,Dealer-D020,ordered_by
PROD-320,SO-1000467,linked_to
SO-1000467,Dealer-D044,ordered_by
PROD-3500,SO-1000468,linked_to
SO-1000468,Dealer-D036,ordered_by
PROD-380,SO-1000469,linked_to
SO-1000469,Dealer-D030,ordered_by
PROD-3600,SO-1000470,linked_to
SO-1000470,Dealer-D008,ordered_by
PROD-D6,SO-1000471,linked_to
SO-1000471,Dealer-D003,ordered_by
PROD-3600,SO-1000472,linked_to
SO-1000472,Dealer-D022,ordered_by
PROD-D10,SO-1000473,linked_to
SO-1000473,Dealer-D023,ordered_by
PROD-320,SO-1000474,linked_to
SO-1000474,Dealer-D041,ordered_by
PROD-390,SO-1000475,linked_to
SO-1000475,Dealer-D035,ordered_by
PROD-980,SO-1000476,linked_to
SO-1000476,Dealer-D037,ordered_by
PROD-390,SO-1000477,linked_to
SO-1000477,Dealer-D030,ordered_by
PROD-3500,SO-1000478,linked_to
SO-1000478,Dealer-D048,ordered_by
PROD-3600,SO-1000479,linked_to
SO-1000479,Dealer-D034,ordered_by
PROD-390,SO-1000480,linked_to
SO-1000480,Dealer-D038,ordered_by
PROD-D9,SO-1000481,linked_to
SO-1000481,Dealer-D043,ordered_by
PROD-950,SO-1000482,linked_to
SO-1000482,Dealer-D012,ordered_by
PROD-320,SO-1000483,linked_to
SO-1000483,Dealer-D036,ordered_by
PROD-D9,SO-1000484,linked_to
SO-1000484,Dealer-D034,ordered_by
PROD-390,SO-1000485,linked_to
SO-1000485,Dealer-D016,ordered_by
PROD-D10,SO-1000486,linked_to
SO-1000486,Dealer-D048,ordered_by
PROD-390,SO-1000487,linked_to
SO-1000487,Dealer-D009,ordered_by
PROD-980,SO-1000488,linked_to
SO-1000488,Dealer-D034,ordered_by
PROD-390,SO-1000489,linked_to
SO-1000489,Dealer-D030,ordered_by
PROD-980,SO-1000490,linked_to
SO-1000490,Dealer-D012,ordered_by
PROD-980,SO-1000491,linked_to
SO-1000491,Dealer-D015,ordered_by
PROD-3600,SO-1000492,linked_to
SO-1000492,Dealer-D019,ordered_by
PROD-D9,SO-1000493,linked_to
SO-1000493,Dealer-D007,ordered_by
PROD-D6,SO-1000494,linked_to
SO-1000494,Dealer-D010,ordered_by
PROD-D10,SO-1000495,linked_to
SO-1000495,Dealer-D021,ordered_by
PROD-3500,SO-1000496,linked_to
SO-1000496,Dealer-D009,ordered_by
PROD-390,SO-1000497,linked_to
SO-1000497,Dealer-D019,ordered_by
PROD-390,SO-1000498,linked_to
SO-1000498,Dealer-D049,ordered_by
PROD-D10,SO-1000499,linked_to
SO-1000499,Dealer-D028,ordered_by
PROD-3600,SO-1000500,linked_to
SO-1000500,Dealer-D021,ordered_by
PROD-380,SO-1000501,linked_to
SO-1000501,Dealer-D045,ordered_by
PROD-950,SO-1000502,linked_to
SO-1000502,Dealer-D045,ordered_by
PROD-980,SO-1000503,linked_to
SO-1000503,Dealer-D048,ordered_by
PROD-380,SO-1000504,linked_to
SO-1000504,Dealer-D002,ordered_by
PROD-3600,SO-1000505,linked_to
SO-1000505,Dealer-D017,ordered_by
PROD-3500,SO-1000506,linked_to
SO-1000506,Dealer-D007,ordered_by
PROD-390,SO-1000507,linked_to
SO-1000507,Dealer-D030,ordered_by
PROD-D9,SO-1000508,linked_to
SO-1000508,Dealer-D042,ordered_by
PROD-3500,SO-1000509,linked_to
SO-1000509,Dealer-D017,ordered_by
PROD-380,SO-1000510,linked_to
SO-1000510,Dealer-D022,ordered_by
PROD-980,SO-1000511,linked_to
SO-1000511,Dealer-D047,ordered_by
PROD-980,SO-1000512,linked_to
SO-1000512,Dealer-D018,ordered_by
PROD-3600,SO-1000513,linked_to
SO-1000513,Dealer-D036,ordered_by
PROD-320,SO-1000514,linked_to
SO-1000514,Dealer-D018,ordered_by
PROD-950,SO-1000515,linked_to
SO-1000515,Dealer-D002,ordered_by
PROD-D9,SO-1000516,linked_to
SO-1000516,Dealer-D024,ordered_by
PROD-D6,SO-1000517,linked_to
SO-1000517,Dealer-D050,ordered_by
PROD-390,SO-1000518,linked_to
SO-1000518,Dealer-D017,ordered_by
PROD-950,SO-1000519,linked_to
SO-1000519,Dealer-D050,ordered_by
PROD-380,SO-1000520,linked_to
SO-1000520,Dealer-D050,ordered_by
PROD-3500,SO-1000521,linked_to
SO-1000521,Dealer-D029,ordered_by
PROD-380,SO-1000522,linked_to
SO-1000522,Dealer-D006,ordered_by
PROD-380,SO-1000523,linked_to
SO-1000523,Dealer-D035,ordered_by
PROD-D9,SO-1000524,linked_to
SO-1000524,Dealer-D044,ordered_by
PROD-3500,SO-1000525,linked_to
SO-1000525,Dealer-D040,ordered_by
PROD-D6,SO-1000526,linked_to
SO-1000526,Dealer-D028,ordered_by
PROD-390,SO-1000527,linked_to
SO-1000527,Dealer-D005,ordered_by
PROD-D10,SO-1000528,linked_to
SO-1000528,Dealer-D013,ordered_by
PROD-D10,SO-1000529,linked_to
SO-1000529,Dealer-D003,ordered_by
PROD-D10,SO-1000530,linked_to
SO-1000530,Dealer-D003,ordered_by
PROD-3600,SO-1000531,linked_to
SO-1000531,Dealer-D034,ordered_by
PROD-950,SO-1000532,linked_to
SO-1000532,Dealer-D027,ordered_by
PROD-D10,SO-1000533,linked_to
SO-1000533,Dealer-D029,ordered_by
PROD-950,SO-1000534,linked_to
SO-1000534,Dealer-D018,ordered_by
PROD-3600,SO-1000535,linked_to
SO-1000535,Dealer-D042,ordered_by
PROD-D9,SO-1000536,linked_to
SO-1000536,Dealer-D002,ordered_by
PROD-D6,SO-1000537,linked_to
SO-1000537,Dealer-D024,ordered_by
PROD-3600,SO-1000538,linked_to
SO-1000538,Dealer-D028,ordered_by
PROD-390,SO-1000539,linked_to
SO-1000539,Dealer-D039,ordered_by
PROD-D6,SO-1000540,linked_to
SO-1000540,Dealer-D038,ordered_by
PROD-3600,SO-1000541,linked_to
SO-1000541,Dealer-D036,ordered_by
PROD-D9,SO-1000542,linked_to
SO-1000542,Dealer-D001,ordered_by
PROD-D6,SO-1000543,linked_to
SO-1000543,Dealer-D044,ordered_by
PROD-3600,SO-1000544,linked_to
SO-1000544,Dealer-D010,ordered_by
PROD-320,SO-1000545,linked_to
SO-1000545,Dealer-D010,ordered_by
PROD-3500,SO-1000546,linked_to
SO-1000546,Dealer-D015,ordered_by
PROD-980,SO-1000547,linked_to
SO-1000547,Dealer-D016,ordered_by
PROD-D9,SO-1000548,linked_to
SO-1000548,Dealer-D038,ordered_by
PROD-D10,SO-1000549,linked_to
SO-1000549,Dealer-D021,ordered_by
PROD-D9,SO-1000550,linked_to
SO-1000550,Dealer-D048,ordered_by
PROD-980,SO-1000551,linked_to
SO-1000551,Dealer-D007,ordered_by
PROD-D9,SO-1000552,linked_to
SO-1000552,Dealer-D009,ordered_by
PROD-D10,SO-1000553,linked_to
SO-1000553,Dealer-D028,ordered_by
PROD-D9,SO-1000554,linked_to
SO-1000554,Dealer-D002,ordered_by
PROD-950,SO-1000555,linked_to
SO-1000555,Dealer-D025,ordered_by
PROD-980,SO-1000556,linked_to
SO-1000556,Dealer-D018,ordered_by
PROD-3500,SO-1000557,linked_to
SO-1000557,Dealer-D001,ordered_by
PROD-D10,SO-1000558,linked_to
SO-1000558,Dealer-D011,ordered_by
PROD-D10,SO-1000559,linked_to
SO-1000559,Dealer-D016,ordered_by
PROD-3500,SO-1000560,linked_to
SO-1000560,Dealer-D011,ordered_by
PROD-3600,SO-1000561,linked_to
SO-1000561,Dealer-D011,ordered_by
PROD-980,SO-1000562,linked_to
SO-1000562,Dealer-D003,ordered_by
PROD-390,SO-1000563,linked_to
SO-1000563,Dealer-D007,ordered_by
PROD-950,SO-1000564,linked_to
SO-1000564,Dealer-D035,ordered_by
PROD-380,SO-1000565,linked_to
SO-1000565,Dealer-D005,ordered_by
PROD-390,SO-1000566,linked_to
SO-1000566,Dealer-D036,ordered_by
PROD-3600,SO-1000567,linked_to
SO-1000567,Dealer-D022,ordered_by
PROD-320,SO-1000568,linked_to
SO-1000568,Dealer-D026,ordered_by
PROD-3500,SO-1000569,linked_to
SO-1000569,Dealer-D048,ordered_by
PROD-380,SO-1000570,linked_to
SO-1000570,Dealer-D041,ordered_by
PROD-980,SO-1000571,linked_to
SO-1000571,Dealer-D014,ordered_by
PROD-320,SO-1000572,linked_to
SO-1000572,Dealer-D017,ordered_by
PROD-3600,SO-1000573,linked_to
SO-1000573,Dealer-D029,ordered_by
PROD-3600,SO-1000574,linked_to
SO-1000574,Dealer-D018,ordered_by
PROD-950,SO-1000575,linked_to
SO-1000575,Dealer-D042,ordered_by
PROD-390,SO-1000576,linked_to
SO-1000576,Dealer-D038,ordered_by
PROD-320,SO-1000577,linked_to
SO-1000577,Dealer-D044,ordered_by
PROD-3600,SO-1000578,linked_to
SO-1000578,Dealer-D003,ordered_by
PROD-380,SO-1000579,linked_to
SO-1000579,Dealer-D002,ordered_by
PROD-D9,SO-1000580,linked_to
SO-1000580,Dealer-D023,ordered_by
PROD-3600,SO-1000581,linked_to
SO-1000581,Dealer-D002,ordered_by
PROD-3600,SO-1000582,linked_to
SO-1000582,Dealer-D025,ordered_by
PROD-D6,SO-1000583,linked_to
SO-1000583,Dealer-D003,ordered_by
PROD-3500,SO-1000584,linked_to
SO-1000584,Dealer-D042,ordered_by
PROD-950,SO-1000585,linked_to
SO-1000585,Dealer-D046,ordered_by
PROD-D9,SO-1000586,linked_to
SO-1000586,Dealer-D040,ordered_by
PROD-D10,SO-1000587,linked_to
SO-1000587,Dealer-D027,ordered_by
PROD-380,SO-1000588,linked_to
SO-1000588,Dealer-D033,ordered_by
PROD-320,SO-1000589,linked_to
SO-1000589,Dealer-D028,ordered_by
PROD-3500,SO-1000590,linked_to
SO-1000590,Dealer-D023,ordered_by
PROD-D6,SO-1000591,linked_to
SO-1000591,Dealer-D033,ordered_by
PROD-D10,SO-1000592,linked_to
SO-1000592,Dealer-D042,ordered_by
PROD-950,SO-1000593,linked_to
SO-1000593,Dealer-D006,ordered_by
PROD-980,SO-1000594,linked_to
SO-1000594,Dealer-D048,ordered_by
PROD-390,SO-1000595,linked_to
SO-1000595,Dealer-D009,ordered_by
PROD-380,SO-1000596,linked_to
SO-1000596,Dealer-D038,ordered_by
PROD-980,SO-1000597,linked_to
SO-1000597,Dealer-D018,ordered_by
PROD-320,SO-1000598,linked_to
SO-1000598,Dealer-D004,ordered_by
PROD-D10,SO-1000599,linked_to
SO-1000599,Dealer-D016,ordered_by
PROD-950,SO-1000600,linked_to
SO-1000600,Dealer-D048,ordered_by
PROD-980,SO-1000601,linked_to
SO-1000601,Dealer-D024,ordered_by
PROD-D9,SO-1000602,linked_to
SO-1000602,Dealer-D014,ordered_by
PROD-980,SO-1000603,linked_to
SO-1000603,Dealer-D038,ordered_by
PROD-390,SO-1000604,linked_to
SO-1000604,Dealer-D044,ordered_by
PROD-980,SO-1000605,linked_to
SO-1000605,Dealer-D012,ordered_by
PROD-380,SO-1000606,linked_to
SO-1000606,Dealer-D005,ordered_by
PROD-980,SO-1000607,linked_to
SO-1000607,Dealer-D028,ordered_by
PROD-320,SO-1000608,linked_to
SO-1000608,Dealer-D037,ordered_by
PROD-390,SO-1000609,linked_to
SO-1000609,Dealer-D038,ordered_by
PROD-3500,SO-1000610,linked_to
SO-1000610,Dealer-D003,ordered_by
PROD-320,SO-1000611,linked_to
SO-1000611,Dealer-D035,ordered_by
PROD-320,SO-1000612,linked_to
SO-1000612,Dealer-D020,ordered_by
PROD-3600,SO-1000613,linked_to
SO-1000613,Dealer-D016,ordered_by
PROD-3600,SO-1000614,linked_to
SO-1000614,Dealer-D040,ordered_by
PROD-3500,SO-1000615,linked_to
SO-1000615,Dealer-D036,ordered_by
PROD-980,SO-1000616,linked_to
SO-1000616,Dealer-D018,ordered_by
PROD-980,SO-1000617,linked_to
SO-1000617,Dealer-D029,ordered_by
PROD-D6,SO-1000618,linked_to
SO-1000618,Dealer-D017,ordered_by
PROD-3500,SO-1000619,linked_to
SO-1000619,Dealer-D023,ordered_by
PROD-950,SO-1000620,linked_to
SO-1000620,Dealer-D027,ordered_by
PROD-320,SO-1000621,linked_to
SO-1000621,Dealer-D024,ordered_by
PROD-380,SO-1000622,linked_to
SO-1000622,Dealer-D040,ordered_by
PROD-390,SO-1000623,linked_to
SO-1000623,Dealer-D024,ordered_by
PROD-980,SO-1000624,linked_to
SO-1000624,Dealer-D006,ordered_by
PROD-D6,SO-1000625,linked_to
SO-1000625,Dealer-D014,ordered_by
PROD-390,SO-1000626,linked_to
SO-1000626,Dealer-D040,ordered_by
PROD-3600,SO-1000627,linked_to
SO-1000627,Dealer-D046,ordered_by
PROD-950,SO-1000628,linked_to
SO-1000628,Dealer-D042,ordered_by
PROD-980,SO-1000629,linked_to
SO-1000629,Dealer-D049,ordered_by
PROD-3600,SO-1000630,linked_to
SO-1000630,Dealer-D037,ordered_by
PROD-D6,SO-1000631,linked_to
SO-1000631,Dealer-D023,ordered_by
PROD-980,SO-1000632,linked_to
SO-1000632,Dealer-D018,ordered_by
PROD-380,SO-1000633,linked_to
SO-1000633,Dealer-D044,ordered_by
PROD-380,SO-1000634,linked_to
SO-1000634,Dealer-D043,ordered_by
PROD-320,SO-1000635,linked_to
SO-1000635,Dealer-D013,ordered_by
PROD-3500,SO-1000636,linked_to
SO-1000636,Dealer-D018,ordered_by
PROD-3600,SO-1000637,linked_to
SO-1000637,Dealer-D012,ordered_by
PROD-3500,SO-1000638,linked_to
SO-1000638,Dealer-D044,ordered_by
PROD-D10,SO-1000639,linked_to
SO-1000639,Dealer-D037,ordered_by
PROD-3500,SO-1000640,linked_to
SO-1000640,Dealer-D024,ordered_by
PROD-950,SO-1000641,linked_to
SO-1000641,Dealer-D011,ordered_by
PROD-D10,SO-1000642,linked_to
SO-1000642,Dealer-D018,ordered_by
PROD-3500,SO-1000643,linked_to
SO-1000643,Dealer-D005,ordered_by
PROD-3600,SO-1000644,linked_to
SO-1000644,Dealer-D037,ordered_by
PROD-320,SO-1000645,linked_to
SO-1000645,Dealer-D014,ordered_by
PROD-D6,SO-1000646,linked_to
SO-1000646,Dealer-D003,ordered_by
PROD-980,SO-1000647,linked_to
SO-1000647,Dealer-D007,ordered_by
PROD-D6,SO-1000648,linked_to
SO-1000648,Dealer-D041,ordered_by
PROD-390,SO-1000649,linked_to
SO-1000649,Dealer-D010,ordered_by
PROD-950,SO-1000650,linked_to
SO-1000650,Dealer-D030,ordered_by
PROD-D10,SO-1000651,linked_to
SO-1000651,Dealer-D006,ordered_by
PROD-980,SO-1000652,linked_to
SO-1000652,Dealer-D034,ordered_by
PROD-380,SO-1000653,linked_to
SO-1000653,Dealer-D040,ordered_by
PROD-D9,SO-1000654,linked_to
SO-1000654,Dealer-D008,ordered_by
PROD-320,SO-1000655,linked_to
SO-1000655,Dealer-D015,ordered_by
PROD-D10,SO-1000656,linked_to
SO-1000656,Dealer-D022,ordered_by
PROD-D10,SO-1000657,linked_to
SO-1000657,Dealer-D028,ordered_by
PROD-3500,SO-1000658,linked_to
SO-1000658,Dealer-D033,ordered_by
PROD-3500,SO-1000659,linked_to
SO-1000659,Dealer-D013,ordered_by
PROD-380,SO-1000660,linked_to
SO-1000660,Dealer-D041,ordered_by
PROD-980,SO-1000661,linked_to
SO-1000661,Dealer-D026,ordered_by
PROD-D10,SO-1000662,linked_to
SO-1000662,Dealer-D012,ordered_by
PROD-980,SO-1000663,linked_to
SO-1000663,Dealer-D016,ordered_by
PROD-980,SO-1000664,linked_to
SO-1000664,Dealer-D012,ordered_by
PROD-D9,SO-1000665,linked_to
SO-1000665,Dealer-D009,ordered_by
PROD-3600,SO-1000666,linked_to
SO-1000666,Dealer-D002,ordered_by
PROD-980,SO-1000667,linked_to
SO-1000667,Dealer-D009,ordered_by
PROD-950,SO-1000668,linked_to
SO-1000668,Dealer-D043,ordered_by
PROD-980,SO-1000669,linked_to
SO-1000669,Dealer-D045,ordered_by
PROD-3500,SO-1000670,linked_to
SO-1000670,Dealer-D027,ordered_by
PROD-3600,SO-1000671,linked_to
SO-1000671,Dealer-D029,ordered_by
PROD-390,SO-1000672,linked_to
SO-1000672,Dealer-D041,ordered_by
PROD-D9,SO-1000673,linked_to
SO-1000673,Dealer-D012,ordered_by
PROD-3600,SO-1000674,linked_to
SO-1000674,Dealer-D035,ordered_by
PROD-D6,SO-1000675,linked_to
SO-1000675,Dealer-D022,ordered_by
PROD-D6,SO-1000676,linked_to
SO-1000676,Dealer-D009,ordered_by
PROD-320,SO-1000677,linked_to
SO-1000677,Dealer-D039,ordered_by
PROD-3600,SO-1000678,linked_to
SO-1000678,Dealer-D044,ordered_by
PROD-950,SO-1000679,linked_to
SO-1000679,Dealer-D003,ordered_by
PROD-380,SO-1000680,linked_to
SO-1000680,Dealer-D010,ordered_by
PROD-980,SO-1000681,linked_to
SO-1000681,Dealer-D036,ordered_by
PROD-3500,SO-1000682,linked_to
SO-1000682,Dealer-D037,ordered_by
PROD-950,SO-1000683,linked_to
SO-1000683,Dealer-D019,ordered_by
PROD-3500,SO-1000684,linked_to
SO-1000684,Dealer-D049,ordered_by
PROD-390,SO-1000685,linked_to
SO-1000685,Dealer-D037,ordered_by
PROD-980,SO-1000686,linked_to
SO-1000686,Dealer-D030,ordered_by
PROD-D9,SO-1000687,linked_to
SO-1000687,Dealer-D028,ordered_by
PROD-980,SO-1000688,linked_to
SO-1000688,Dealer-D034,ordered_by
PROD-3600,SO-1000689,linked_to
SO-1000689,Dealer-D004,ordered_by
PROD-980,SO-1000690,linked_to
SO-1000690,Dealer-D019,ordered_by
PROD-D6,SO-1000691,linked_to
SO-1000691,Dealer-D006,ordered_by
PROD-3600,SO-1000692,linked_to
SO-1000692,Dealer-D039,ordered_by
PROD-980,SO-1000693,linked_to
SO-1000693,Dealer-D028,ordered_by
PROD-3500,SO-1000694,linked_to
SO-1000694,Dealer-D028,ordered_by
PROD-3500,SO-1000695,linked_to
SO-1000695,Dealer-D014,ordered_by
PROD-980,SO-1000696,linked_to
SO-1000696,Dealer-D002,ordered_by
PROD-980,SO-1000697,linked_to
SO-1000697,Dealer-D037,ordered_by
PROD-D10,SO-1000698,linked_to
SO-1000698,Dealer-D021,ordered_by
PROD-950,SO-1000699,linked_to
SO-1000699,Dealer-D015,ordered_by
PROD-D6,SO-1000700,linked_to
SO-1000700,Dealer-D005,ordered_by
PROD-380,SO-1000701,linked_to
SO-1000701,Dealer-D049,ordered_by
PROD-D9,SO-1000702,linked_to
SO-1000702,Dealer-D011,ordered_by
PROD-980,SO-1000703,linked_to
SO-1000703,Dealer-D012,ordered_by
PROD-D10,SO-1000704,linked_to
SO-1000704,Dealer-D041,ordered_by
PROD-D6,SO-1000705,linked_to
SO-1000705,Dealer-D035,ordered_by
PROD-980,SO-1000706,linked_to
SO-1000706,Dealer-D050,ordered_by
PROD-D9,SO-1000707,linked_to
SO-1000707,Dealer-D024,ordered_by
PROD-380,SO-1000708,linked_to
SO-1000708,Dealer-D015,ordered_by
PROD-D6,SO-1000709,linked_to
SO-1000709,Dealer-D028,ordered_by
PROD-D10,SO-1000710,linked_to
SO-1000710,Dealer-D041,ordered_by
PROD-3500,SO-1000711,linked_to
SO-1000711,Dealer-D011,ordered_by
PROD-320,SO-1000712,linked_to
SO-1000712,Dealer-D023,ordered_by
PROD-3500,SO-1000713,linked_to
SO-1000713,Dealer-D030,ordered_by
PROD-D10,SO-1000714,linked_to
SO-1000714,Dealer-D024,ordered_by
PROD-320,SO-1000715,linked_to
SO-1000715,Dealer-D035,ordered_by
PROD-D6,SO-1000716,linked_to
SO-1000716,Dealer-D010,ordered_by
PROD-D10,SO-1000717,linked_to
SO-1000717,Dealer-D017,ordered_by
PROD-320,SO-1000718,linked_to
SO-1000718,Dealer-D020,ordered_by
PROD-980,SO-1000719,linked_to
SO-1000719,Dealer-D042,ordered_by
PROD-380,SO-1000720,linked_to
SO-1000720,Dealer-D001,ordered_by
PROD-950,SO-1000721,linked_to
SO-1000721,Dealer-D026,ordered_by
PROD-D9,SO-1000722,linked_to
SO-1000722,Dealer-D018,ordered_by
PROD-D10,SO-1000723,linked_to
SO-1000723,Dealer-D018,ordered_by
PROD-D6,SO-1000724,linked_to
SO-1000724,Dealer-D039,ordered_by
PROD-D9,SO-1000725,linked_to
SO-1000725,Dealer-D005,ordered_by
PROD-D9,SO-1000726,linked_to
SO-1000726,Dealer-D027,ordered_by
PROD-380,SO-1000727,linked_to
SO-1000727,Dealer-D033,ordered_by
PROD-390,SO-1000728,linked_to
SO-1000728,Dealer-D014,ordered_by
PROD-950,SO-1000729,linked_to
SO-1000729,Dealer-D004,ordered_by
PROD-980,SO-1000730,linked_to
SO-1000730,Dealer-D042,ordered_by
PROD-D6,SO-1000731,linked_to
SO-1000731,Dealer-D020,ordered_by
PROD-D6,SO-1000732,linked_to
SO-1000732,Dealer-D039,ordered_by
PROD-980,SO-1000733,linked_to
SO-1000733,Dealer-D031,ordered_by
PROD-380,SO-1000734,linked_to
SO-1000734,Dealer-D042,ordered_by
PROD-320,SO-1000735,linked_to
SO-1000735,Dealer-D050,ordered_by
PROD-390,SO-1000736,linked_to
SO-1000736,Dealer-D001,ordered_by
PROD-D6,SO-1000737,linked_to
SO-1000737,Dealer-D034,ordered_by
PROD-3500,SO-1000738,linked_to
SO-1000738,Dealer-D042,ordered_by
PROD-3600,SO-1000739,linked_to
SO-1000739,Dealer-D005,ordered_by
PROD-3600,SO-1000740,linked_to
SO-1000740,Dealer-D021,ordered_by
PROD-D6,SO-1000741,linked_to
SO-1000741,Dealer-D031,ordered_by
PROD-950,SO-1000742,linked_to
SO-1000742,Dealer-D049,ordered_by
PROD-D9,SO-1000743,linked_to
SO-1000743,Dealer-D022,ordered_by
PROD-D9,SO-1000744,linked_to
SO-1000744,Dealer-D002,ordered_by
PROD-3600,SO-1000745,linked_to
SO-1000745,Dealer-D041,ordered_by
PROD-D6,SO-1000746,linked_to
SO-1000746,Dealer-D041,ordered_by
PROD-380,SO-1000747,linked_to
SO-1000747,Dealer-D017,ordered_by
PROD-D6,SO-1000748,linked_to
SO-1000748,Dealer-D031,ordered_by
PROD-D10,SO-1000749,linked_to
SO-1000749,Dealer-D028,ordered_by
PROD-380,SO-1000750,linked_to
SO-1000750,Dealer-D014,ordered_by
PROD-390,SO-1000751,linked_to
SO-1000751,Dealer-D047,ordered_by
PROD-320,SO-1000752,linked_to
SO-1000752,Dealer-D048,ordered_by
PROD-D9,SO-1000753,linked_to
SO-1000753,Dealer-D004,ordered_by
PROD-380,SO-1000754,linked_to
SO-1000754,Dealer-D024,ordered_by
PROD-3500,SO-1000755,linked_to
SO-1000755,Dealer-D009,ordered_by
PROD-3600,SO-1000756,linked_to
SO-1000756,Dealer-D047,ordered_by
PROD-320,SO-1000757,linked_to
SO-1000757,Dealer-D014,ordered_by
PROD-3600,SO-1000758,linked_to
SO-1000758,Dealer-D015,ordered_by
PROD-950,SO-1000759,linked_to
SO-1000759,Dealer-D046,ordered_by
PROD-390,SO-1000760,linked_to
SO-1000760,Dealer-D025,ordered_by
PROD-D9,SO-1000761,linked_to
SO-1000761,Dealer-D025,ordered_by
PROD-950,SO-1000762,linked_to
SO-1000762,Dealer-D016,ordered_by
PROD-390,SO-1000763,linked_to
SO-1000763,Dealer-D014,ordered_by
PROD-3500,SO-1000764,linked_to
SO-1000764,Dealer-D027,ordered_by
PROD-980,SO-1000765,linked_to
SO-1000765,Dealer-D037,ordered_by
PROD-3600,SO-1000766,linked_to
SO-1000766,Dealer-D026,ordered_by
PROD-380,SO-1000767,linked_to
SO-1000767,Dealer-D027,ordered_by
PROD-D10,SO-1000768,linked_to
SO-1000768,Dealer-D009,ordered_by
PROD-390,SO-1000769,linked_to
SO-1000769,Dealer-D036,ordered_by
PROD-320,SO-1000770,linked_to
SO-1000770,Dealer-D012,ordered_by
PROD-3500,SO-1000771,linked_to
SO-1000771,Dealer-D032,ordered_by
PROD-380,SO-1000772,linked_to
SO-1000772,Dealer-D041,ordered_by
PROD-3500,SO-1000773,linked_to
SO-1000773,Dealer-D014,ordered_by
PROD-D10,SO-1000774,linked_to
SO-1000774,Dealer-D014,ordered_by
PROD-380,SO-1000775,linked_to
SO-1000775,Dealer-D010,ordered_by
PROD-390,SO-1000776,linked_to
SO-1000776,Dealer-D001,ordered_by
PROD-3600,SO-1000777,linked_to
SO-1000777,Dealer-D013,ordered_by
PROD-D6,SO-1000778,linked_to
SO-1000778,Dealer-D015,ordered_by
PROD-D6,SO-1000779,linked_to
SO-1000779,Dealer-D044,ordered_by
PROD-320,SO-1000780,linked_to
SO-1000780,Dealer-D040,ordered_by
PROD-D6,SO-1000781,linked_to
SO-1000781,Dealer-D010,ordered_by
PROD-D10,SO-1000782,linked_to
SO-1000782,Dealer-D037,ordered_by
PROD-D10,SO-1000783,linked_to
SO-1000783,Dealer-D023,ordered_by
PROD-3500,SO-1000784,linked_to
SO-1000784,Dealer-D022,ordered_by
PROD-980,SO-1000785,linked_to
SO-1000785,Dealer-D006,ordered_by
PROD-D9,SO-1000786,linked_to
SO-1000786,Dealer-D007,ordered_by
PROD-D9,SO-1000787,linked_to
SO-1000787,Dealer-D032,ordered_by
PROD-390,SO-1000788,linked_to
SO-1000788,Dealer-D032,ordered_by
PROD-380,SO-1000789,linked_to
SO-1000789,Dealer-D015,ordered_by
PROD-3600,SO-1000790,linked_to
SO-1000790,Dealer-D026,ordered_by
PROD-D6,SO-1000791,linked_to
SO-1000791,Dealer-D006,ordered_by
PROD-D10,SO-1000792,linked_to
SO-1000792,Dealer-D026,ordered_by
PROD-390,SO-1000793,linked_to
SO-1000793,Dealer-D029,ordered_by
PROD-950,SO-1000794,linked_to
SO-1000794,Dealer-D049,ordered_by
PROD-980,SO-1000795,linked_to
SO-1000795,Dealer-D048,ordered_by
PROD-D6,SO-1000796,linked_to
SO-1000796,Dealer-D047,ordered_by
PROD-980,SO-1000797,linked_to
SO-1000797,Dealer-D031,ordered_by
PROD-D10,SO-1000798,linked_to
SO-1000798,Dealer-D048,ordered_by
PROD-390,SO-1000799,linked_to
SO-1000799,Dealer-D017,ordered_by
PROD-950,SO-1000800,linked_to
SO-1000800,Dealer-D026,ordered_by
PROD-3500,SO-1000801,linked_to
SO-1000801,Dealer-D018,ordered_by
PROD-950,SO-1000802,linked_to
SO-1000802,Dealer-D003,ordered_by
PROD-320,SO-1000803,linked_to
SO-1000803,Dealer-D024,ordered_by
PROD-3600,SO-1000804,linked_to
SO-1000804,Dealer-D001,ordered_by
PROD-D6,SO-1000805,linked_to
SO-1000805,Dealer-D047,ordered_by
PROD-950,SO-1000806,linked_to
SO-1000806,Dealer-D031,ordered_by
PROD-3600,SO-1000807,linked_to
SO-1000807,Dealer-D036,ordered_by
PROD-3500,SO-1000808,linked_to
SO-1000808,Dealer-D021,ordered_by
PROD-320,SO-1000809,linked_to
SO-1000809,Dealer-D033,ordered_by
PROD-320,SO-1000810,linked_to
SO-1000810,Dealer-D001,ordered_by
PROD-3500,SO-1000811,linked_to
SO-1000811,Dealer-D003,ordered_by
PROD-3500,SO-1000812,linked_to
SO-1000812,Dealer-D036,ordered_by
PROD-3600,SO-1000813,linked_to
SO-1000813,Dealer-D017,ordered_by
PROD-3600,SO-1000814,linked_to
SO-1000814,Dealer-D016,ordered_by
PROD-380,SO-1000815,linked_to
SO-1000815,Dealer-D025,ordered_by
PROD-D9,SO-1000816,linked_to
SO-1000816,Dealer-D046,ordered_by
PROD-390,SO-1000817,linked_to
SO-1000817,Dealer-D025,ordered_by
PROD-380,SO-1000818,linked_to
SO-1000818,Dealer-D030,ordered_by
PROD-3500,SO-1000819,linked_to
SO-1000819,Dealer-D037,ordered_by
PROD-D6,SO-1000820,linked_to
SO-1000820,Dealer-D019,ordered_by
PROD-390,SO-1000821,linked_to
SO-1000821,Dealer-D044,ordered_by
PROD-3600,SO-1000822,linked_to
SO-1000822,Dealer-D009,ordered_by
PROD-D10,SO-1000823,linked_to
SO-1000823,Dealer-D039,ordered_by
PROD-950,SO-1000824,linked_to
SO-1000824,Dealer-D040,ordered_by
PROD-3500,SO-1000825,linked_to
SO-1000825,Dealer-D016,ordered_by
PROD-380,SO-1000826,linked_to
SO-1000826,Dealer-D043,ordered_by
PROD-980,SO-1000827,linked_to
SO-1000827,Dealer-D012,ordered_by
PROD-D6,SO-1000828,linked_to
SO-1000828,Dealer-D003,ordered_by
PROD-320,SO-1000829,linked_to
SO-1000829,Dealer-D001,ordered_by
PROD-D6,SO-1000830,linked_to
SO-1000830,Dealer-D044,ordered_by
PROD-3500,SO-1000831,linked_to
SO-1000831,Dealer-D004,ordered_by
PROD-320,SO-1000832,linked_to
SO-1000832,Dealer-D035,ordered_by
PROD-390,SO-1000833,linked_to
SO-1000833,Dealer-D033,ordered_by
PROD-380,SO-1000834,linked_to
SO-1000834,Dealer-D048,ordered_by
PROD-D6,SO-1000835,linked_to
SO-1000835,Dealer-D021,ordered_by
PROD-3500,SO-1000836,linked_to
SO-1000836,Dealer-D003,ordered_by
PROD-3500,SO-1000837,linked_to
SO-1000837,Dealer-D014,ordered_by
PROD-320,SO-1000838,linked_to
SO-1000838,Dealer-D029,ordered_by
PROD-D6,SO-1000839,linked_to
SO-1000839,Dealer-D024,ordered_by
PROD-980,SO-1000840,linked_to
SO-1000840,Dealer-D019,ordered_by
PROD-D10,SO-1000841,linked_to
SO-1000841,Dealer-D007,ordered_by
PROD-D10,SO-1000842,linked_to
SO-1000842,Dealer-D049,ordered_by
PROD-D6,SO-1000843,linked_to
SO-1000843,Dealer-D034,ordered_by
PROD-D10,SO-1000844,linked_to
SO-1000844,Dealer-D033,ordered_by
PROD-390,SO-1000845,linked_to
SO-1000845,Dealer-D018,ordered_by
PROD-D6,SO-1000846,linked_to
SO-1000846,Dealer-D009,ordered_by
PROD-D10,SO-1000847,linked_to
SO-1000847,Dealer-D050,ordered_by
PROD-950,SO-1000848,linked_to
SO-1000848,Dealer-D047,ordered_by
PROD-D9,SO-1000849,linked_to
SO-1000849,Dealer-D009,ordered_by
PROD-3500,SO-1000850,linked_to
SO-1000850,Dealer-D006,ordered_by
PROD-D6,SO-1000851,linked_to
SO-1000851,Dealer-D018,ordered_by
PROD-390,SO-1000852,linked_to
SO-1000852,Dealer-D045,ordered_by
PROD-D10,SO-1000853,linked_to
SO-1000853,Dealer-D012,ordered_by
PROD-D10,SO-1000854,linked_to
SO-1000854,Dealer-D020,ordered_by
PROD-390,SO-1000855,linked_to
SO-1000855,Dealer-D028,ordered_by
PROD-D9,SO-1000856,linked_to
SO-1000856,Dealer-D017,ordered_by
PROD-950,SO-1000857,linked_to
SO-1000857,Dealer-D012,ordered_by
PROD-380,SO-1000858,linked_to
SO-1000858,Dealer-D001,ordered_by
PROD-320,SO-1000859,linked_to
SO-1000859,Dealer-D050,ordered_by
PROD-320,SO-1000860,linked_to
SO-1000860,Dealer-D014,ordered_by
PROD-3500,SO-1000861,linked_to
SO-1000861,Dealer-D016,ordered_by
PROD-380,SO-1000862,linked_to
SO-1000862,Dealer-D003,ordered_by
PROD-3600,SO-1000863,linked_to
SO-1000863,Dealer-D018,ordered_by
PROD-320,SO-1000864,linked_to
SO-1000864,Dealer-D003,ordered_by
PROD-950,SO-1000865,linked_to
SO-1000865,Dealer-D023,ordered_by
PROD-3500,SO-1000866,linked_to
SO-1000866,Dealer-D022,ordered_by
PROD-D10,SO-1000867,linked_to
SO-1000867,Dealer-D022,ordered_by
PROD-980,SO-1000868,linked_to
SO-1000868,Dealer-D041,ordered_by
PROD-320,SO-1000869,linked_to
SO-1000869,Dealer-D016,ordered_by
PROD-D10,SO-1000870,linked_to
SO-1000870,Dealer-D046,ordered_by
PROD-3500,SO-1000871,linked_to
SO-1000871,Dealer-D005,ordered_by
PROD-980,SO-1000872,linked_to
SO-1000872,Dealer-D030,ordered_by
PROD-D9,SO-1000873,linked_to
SO-1000873,Dealer-D028,ordered_by
PROD-D6,SO-1000874,linked_to
SO-1000874,Dealer-D045,ordered_by
PROD-980,SO-1000875,linked_to
SO-1000875,Dealer-D027,ordered_by
PROD-D9,SO-1000876,linked_to
SO-1000876,Dealer-D019,ordered_by
PROD-950,SO-1000877,linked_to
SO-1000877,Dealer-D027,ordered_by
PROD-950,SO-1000878,linked_to
SO-1000878,Dealer-D040,ordered_by
PROD-950,SO-1000879,linked_to
SO-1000879,Dealer-D008,ordered_by
PROD-380,SO-1000880,linked_to
SO-1000880,Dealer-D026,ordered_by
PROD-D10,SO-1000881,linked_to
SO-1000881,Dealer-D026,ordered_by
PROD-D6,SO-1000882,linked_to
SO-1000882,Dealer-D002,ordered_by
PROD-D6,SO-1000883,linked_to
SO-1000883,Dealer-D033,ordered_by
PROD-D10,SO-1000884,linked_to
SO-1000884,Dealer-D016,ordered_by
PROD-950,SO-1000885,linked_to
SO-1000885,Dealer-D032,ordered_by
PROD-320,SO-1000886,linked_to
SO-1000886,Dealer-D001,ordered_by
PROD-D6,SO-1000887,linked_to
SO-1000887,Dealer-D013,ordered_by
PROD-980,SO-1000888,linked_to
SO-1000888,Dealer-D040,ordered_by
PROD-380,SO-1000889,linked_to
SO-1000889,Dealer-D001,ordered_by
PROD-950,SO-1000890,linked_to
SO-1000890,Dealer-D035,ordered_by
PROD-320,SO-1000891,linked_to
SO-1000891,Dealer-D042,ordered_by
PROD-380,SO-1000892,linked_to
SO-1000892,Dealer-D049,ordered_by
PROD-3500,SO-1000893,linked_to
SO-1000893,Dealer-D002,ordered_by
PROD-380,SO-1000894,linked_to
SO-1000894,Dealer-D035,ordered_by
PROD-390,SO-1000895,linked_to
SO-1000895,Dealer-D031,ordered_by
PROD-D9,SO-1000896,linked_to
SO-1000896,Dealer-D017,ordered_by
PROD-380,SO-1000897,linked_to
SO-1000897,Dealer-D047,ordered_by
PROD-D10,SO-1000898,linked_to
SO-1000898,Dealer-D007,ordered_by
PROD-980,SO-1000899,linked_to
SO-1000899,Dealer-D043,ordered_by
PROD-3600,SO-1000900,linked_to
SO-1000900,Dealer-D050,ordered_by
PROD-D10,SO-1000901,linked_to
SO-1000901,Dealer-D041,ordered_by
PROD-390,SO-1000902,linked_to
SO-1000902,Dealer-D022,ordered_by
PROD-950,SO-1000903,linked_to
SO-1000903,Dealer-D031,ordered_by
PROD-980,SO-1000904,linked_to
SO-1000904,Dealer-D027,ordered_by
PROD-320,SO-1000905,linked_to
SO-1000905,Dealer-D009,ordered_by
PROD-3500,SO-1000906,linked_to
SO-1000906,Dealer-D044,ordered_by
PROD-D10,SO-1000907,linked_to
SO-1000907,Dealer-D016,ordered_by
PROD-D6,SO-1000908,linked_to
SO-1000908,Dealer-D009,ordered_by
PROD-390,SO-1000909,linked_to
SO-1000909,Dealer-D017,ordered_by
PROD-390,SO-1000910,linked_to
SO-1000910,Dealer-D014,ordered_by
PROD-950,SO-1000911,linked_to
SO-1000911,Dealer-D013,ordered_by
PROD-3500,SO-1000912,linked_to
SO-1000912,Dealer-D017,ordered_by
PROD-D10,SO-1000913,linked_to
SO-1000913,Dealer-D026,ordered_by
PROD-D6,SO-1000914,linked_to
SO-1000914,Dealer-D030,ordered_by
PROD-D6,SO-1000915,linked_to
SO-1000915,Dealer-D029,ordered_by
PROD-980,SO-1000916,linked_to
SO-1000916,Dealer-D043,ordered_by
PROD-950,SO-1000917,linked_to
SO-1000917,Dealer-D015,ordered_by
PROD-380,SO-1000918,linked_to
SO-1000918,Dealer-D010,ordered_by
PROD-3600,SO-1000919,linked_to
SO-1000919,Dealer-D011,ordered_by
PROD-D9,SO-1000920,linked_to
SO-1000920,Dealer-D023,ordered_by
PROD-D10,SO-1000921,linked_to
SO-1000921,Dealer-D023,ordered_by
PROD-390,SO-1000922,linked_to
SO-1000922,Dealer-D014,ordered_by
PROD-950,SO-1000923,linked_to
SO-1000923,Dealer-D031,ordered_by
PROD-D9,SO-1000924,linked_to
SO-1000924,Dealer-D029,ordered_by
PROD-980,SO-1000925,linked_to
SO-1000925,Dealer-D008,ordered_by
PROD-380,SO-1000926,linked_to
SO-1000926,Dealer-D021,ordered_by
PROD-3500,SO-1000927,linked_to
SO-1000927,Dealer-D017,ordered_by
PROD-950,SO-1000928,linked_to
SO-1000928,Dealer-D008,ordered_by
PROD-380,SO-1000929,linked_to
SO-1000929,Dealer-D001,ordered_by
PROD-390,SO-1000930,linked_to
SO-1000930,Dealer-D023,ordered_by
PROD-3600,SO-1000931,linked_to
SO-1000931,Dealer-D041,ordered_by
PROD-3500,SO-1000932,linked_to
SO-1000932,Dealer-D034,ordered_by
PROD-D6,SO-1000933,linked_to
SO-1000933,Dealer-D015,ordered_by
PROD-D9,SO-1000934,linked_to
SO-1000934,Dealer-D036,ordered_by
PROD-950,SO-1000935,linked_to
SO-1000935,Dealer-D004,ordered_by
PROD-380,SO-1000936,linked_to
SO-1000936,Dealer-D029,ordered_by
PROD-D10,SO-1000937,linked_to
SO-1000937,Dealer-D025,ordered_by
PROD-320,SO-1000938,linked_to
SO-1000938,Dealer-D026,ordered_by
PROD-980,SO-1000939,linked_to
SO-1000939,Dealer-D002,ordered_by
PROD-980,SO-1000940,linked_to
SO-1000940,Dealer-D021,ordered_by
PROD-D9,SO-1000941,linked_to
SO-1000941,Dealer-D026,ordered_by
PROD-320,SO-1000942,linked_to
SO-1000942,Dealer-D005,ordered_by
PROD-D6,SO-1000943,linked_to
SO-1000943,Dealer-D022,ordered_by
PROD-D10,SO-1000944,linked_to
SO-1000944,Dealer-D006,ordered_by
PROD-D10,SO-1000945,linked_to
SO-1000945,Dealer-D048,ordered_by
PROD-320,SO-1000946,linked_to
SO-1000946,Dealer-D016,ordered_by
PROD-980,SO-1000947,linked_to
SO-1000947,Dealer-D030,ordered_by
PROD-390,SO-1000948,linked_to
SO-1000948,Dealer-D001,ordered_by
PROD-3500,SO-1000949,linked_to
SO-1000949,Dealer-D006,ordered_by
PROD-380,SO-1000950,linked_to
SO-1000950,Dealer-D043,ordered_by
PROD-950,SO-1000951,linked_to
SO-1000951,Dealer-D010,ordered_by
PROD-D10,SO-1000952,linked_to
SO-1000952,Dealer-D016,ordered_by
PROD-3600,SO-1000953,linked_to
SO-1000953,Dealer-D033,ordered_by
PROD-3600,SO-1000954,linked_to
SO-1000954,Dealer-D025,ordered_by
PROD-3500,SO-1000955,linked_to
SO-1000955,Dealer-D012,ordered_by
PROD-D6,SO-1000956,linked_to
SO-1000956,Dealer-D042,ordered_by
PROD-D6,SO-1000957,linked_to
SO-1000957,Dealer-D025,ordered_by
PROD-320,SO-1000958,linked_to
SO-1000958,Dealer-D029,ordered_by
PROD-3600,SO-1000959,linked_to
SO-1000959,Dealer-D050,ordered_by
PROD-320,SO-1000960,linked_to
SO-1000960,Dealer-D037,ordered_by
PROD-D6,SO-1000961,linked_to
SO-1000961,Dealer-D018,ordered_by
PROD-D9,SO-1000962,linked_to
SO-1000962,Dealer-D007,ordered_by
PROD-380,SO-1000963,linked_to
SO-1000963,Dealer-D048,ordered_by
PROD-980,SO-1000964,linked_to
SO-1000964,Dealer-D014,ordered_by
PROD-3500,SO-1000965,linked_to
SO-1000965,Dealer-D045,ordered_by
PROD-D6,SO-1000966,linked_to
SO-1000966,Dealer-D011,ordered_by
PROD-320,SO-1000967,linked_to
SO-1000967,Dealer-D005,ordered_by
PROD-980,SO-1000968,linked_to
SO-1000968,Dealer-D045,ordered_by
PROD-950,SO-1000969,linked_to
SO-1000969,Dealer-D001,ordered_by
PROD-3600,SO-1000970,linked_to
SO-1000970,Dealer-D042,ordered_by
PROD-D6,SO-1000971,linked_to
SO-1000971,Dealer-D025,ordered_by
PROD-320,SO-1000972,linked_to
SO-1000972,Dealer-D037,ordered_by
PROD-950,SO-1000973,linked_to
SO-1000973,Dealer-D039,ordered_by
PROD-3500,SO-1000974,linked_to
SO-1000974,Dealer-D024,ordered_by
PROD-980,SO-1000975,linked_to
SO-1000975,Dealer-D027,ordered_by
PROD-3600,SO-1000976,linked_to
SO-1000976,Dealer-D007,ordered_by
PROD-950,SO-1000977,linked_to
SO-1000977,Dealer-D017,ordered_by
PROD-D9,SO-1000978,linked_to
SO-1000978,Dealer-D024,ordered_by
PROD-950,SO-1000979,linked_to
SO-1000979,Dealer-D028,ordered_by
PROD-D9,SO-1000980,linked_to
SO-1000980,Dealer-D031,ordered_by
PROD-980,SO-1000981,linked_to
SO-1000981,Dealer-D035,ordered_by
PROD-3500,SO-1000982,linked_to
SO-1000982,Dealer-D012,ordered_by
PROD-980,SO-1000983,linked_to
SO-1000983,Dealer-D046,ordered_by
PROD-390,SO-1000984,linked_to
SO-1000984,Dealer-D048,ordered_by
PROD-980,SO-1000985,linked_to
SO-1000985,Dealer-D042,ordered_by
PROD-980,SO-1000986,linked_to
SO-1000986,Dealer-D018,ordered_by
PROD-D6,SO-1000987,linked_to
SO-1000987,Dealer-D027,ordered_by
PROD-390,SO-1000988,linked_to
SO-1000988,Dealer-D005,ordered_by
PROD-3500,SO-1000989,linked_to
SO-1000989,Dealer-D005,ordered_by
PROD-380,SO-1000990,linked_to
SO-1000990,Dealer-D045,ordered_by
PROD-D9,SO-1000991,linked_to
SO-1000991,Dealer-D041,ordered_by
PROD-980,SO-1000992,linked_to
SO-1000992,Dealer-D018,ordered_by
PROD-D9,SO-1000993,linked_to
SO-1000993,Dealer-D015,ordered_by
PROD-D10,SO-1000994,linked_to
SO-1000994,Dealer-D045,ordered_by
PROD-380,SO-1000995,linked_to
SO-1000995,Dealer-D016,ordered_by
PROD-D10,SO-1000996,linked_to
SO-1000996,Dealer-D045,ordered_by
PROD-D9,SO-1000997,linked_to
SO-1000997,Dealer-D045,ordered_by
PROD-D6,SO-1000998,linked_to
SO-1000998,Dealer-D014,ordered_by
PROD-3500,SO-1000999,linked_to
SO-1000999,Dealer-D027,ordered_by
